source_token,source_lemma,target_rendering,block_id
བླ་མ,བླ་མ,Guru,1-1
དང་,དང་,and,1-1
འཇམ་པའི་དབྱངས,འཇམ་པའི་དབྱངས,Mañjughoṣa,1-1
ལ,ལ,to,1-1
གུས་པས,གུས་པས,devotion,1-1
ཕྱག་འཚལ་ལོ,ཕྱག་འཚལ་ལོ,I_prostrate,1-1
གང་ཞིག,གང་ཞིག,you,1-2
བྱང་ཆུབ་ཤིང་དབང,བྱང་ཆུབ་ཤིང་དབང,sovereign_Bodhi_tree,1-2
དྲུང་དུ,དྲུང་དུ,Beneath,1-2
བདུད་སྡེ་དཔུང་བཅས,བདུད་སྡེ་དཔུང་བཅས,hosts_of_Māra,1-2
ས,ས,earth,1-2
དང་,དང་,and,1-2
མཁའ,མཁའ,sky,1-2
ཀུན་ཁྱབ,ཀུན་ཁྱབ,pervaded,1-2
རྡོ་རྗེ,རྡོ་རྗེ,vajras,1-2
མདུང་ཐུང,མདུང་ཐུང,short_spears,1-2
དང་ནི,དང་ནི,and,1-2
འཁོར་ལོ,འཁོར་ལོ,wheels,1-2
མེ,མེ,fire,1-2
དང་,དང་,and,1-2
རི,རི,mountains,1-2
དང་,དང་,and,1-2
གངས་རིའི་ཕྲེང་བས,གངས་རིའི་ཕྲེང་བས,ranges_of_snow-peaks,1-2
ཆར་འབེབས་པ,ཆར་འབེབས་པ,rained_down,1-2
རྫུ་འཕྲུལ་རྣམ་པར་འཕྲུལ་བྱེད,རྫུ་འཕྲུལ་རྣམ་པར་འཕྲུལ་བྱེད,miraculous_displays,1-2
སྟོབས་ལྡན,སྟོབས་ལྡན,powerful_one,1-2
མེ་ཏོག་མདའ་ཅན,མེ་ཏོག་མདའ་ཅན,adorned_with_flower-arrows,1-2
བྱང་ཆུབ,བྱང་ཆུབ,enlightenment,1-2
བཟློག་ཕྱིར,བཟློག་ཕྱིར,to_obstruct,1-2
བརྩོན་པ་ན,བརྩོན་པ་ན,strove,1-2
བྱམས་པའི་ཐུགས་ཀྱིས,བྱམས་པའི་ཐུགས་ཀྱིས,with_a_heart_of_loving-kindness,1-2
ལེགས་པར,ལེགས་པར,well,1-2
ཕམ་མཛད,ཕམ་མཛད,defeated,1-2
རྫོགས་པའི་སངས་རྒྱས,རྫོགས་པའི་སངས་རྒྱས,perfect_Buddhahood,1-2
གང་བརྙེས,གང་བརྙེས,attained,1-2
དེ་ལ,དེ་ལ,to_you,1-2
མགོས,མགོས,head,1-2
ཕྱག་འཚལ,ཕྱག་འཚལ,I_bow,1-2
ཁྱོད,ཁྱོད,you,1-3
གཞན་གྱི་དོན་སླད་དུ,གཞན་གྱི་དོན་སླད་དུ,for_the_sake_of_others,1-3
བསམ,བསམ,intention,1-3
དང་,དང་,and,1-3
སྦྱོར་བ,སྦྱོར་བ,application,1-3
ཕུན་ཚོགས་པས,ཕུན་ཚོགས་པས,perfect,1-3
བྱང་ཆུབ་དམ་པར,བྱང་ཆུབ་དམ་པར,supreme_enlightenment,1-3
ཐུགས,ཐུགས,mind,1-3
བསྐྱེད,བསྐྱེད,generated,1-3
ཚེ,ཚེ,when,1-3
ས,ས,earth,1-3
རྣམ་པ་དྲུག་ཏུ,རྣམ་པ་དྲུག་ཏུ,in_six_ways,1-3
གཡོས,གཡོས,trembled,1-3
སྦྱིན,སྦྱིན,generosity,1-4
དང་,དང་,and,1-4
ཚུལ་ཁྲིམས,ཚུལ་ཁྲིམས,ethical_discipline,1-4
ལེགས་བསྒྲུབས,ལེགས་བསྒྲུབས,perfectly_accomplished,1-4
བཟོད,བཟོད,patience,1-4
དང་,དང་,and,1-4
བརྩོན་འགྲུས,བརྩོན་འགྲུས,diligence,1-4
གོམས་པར་མཛད,གོམས་པར་མཛད,practiced,1-4
བསམ་གཏན,བསམ་གཏན,meditative_concentration,1-4
ཤེས་རབ,ཤེས་རབ,wisdom,1-4
མཐར་ཕྱིན་པས,མཐར་ཕྱིན་པས,having_reached_the_culmination,1-4
ཕ་རོལ་ཕྱིན་རྫོགས,ཕ་རོལ་ཕྱིན་རྫོགས,perfected_the_perfections,1-4
ཁྱོད,ཁྱོད,you,1-4
ཕྱག་འཚལ,ཕྱག་འཚལ,I_prostrate,1-4
འགྲོ་མགོན,འགྲོ་མགོན,protector_of_beings,1-5
དང་པོ,དང་པོ,first,1-5
བལྟམས་པ་ན,བལྟམས་པ་ན,was_born,1-5
འཇིག་རྟེན,འཇིག་རྟེན,world,1-5
མཁས་པ,མཁས་པ,wise_ones,1-5
ཐམས་ཅད,ཐམས་ཅད,all,1-5
དགའ,དགའ,rejoiced,1-5
བདུད་རྣམས,བདུད་རྣམས,hosts_of_Māra,1-5
ཤིན་ཏུ,ཤིན་ཏུ,great,1-5
དོགས་པ་སྐྱེས,དོགས་པ་སྐྱེས,filled_with_anxiety,1-5
མུ་སྟེགས་བྱེད་པ,མུ་སྟེགས་བྱེད་པ,non-Buddhist_extremists,1-5
མཐའ་དག,མཐའ་དག,all,1-5
སྐྲག,སྐྲག,were_terrified,1-5
དེ་སླད,དེ་སླད,Therefore,1-6
ཁྱོད་ཀྱི,ཁྱོད་ཀྱི,your,1-6
བསྟན་པ,བསྟན་པ,teaching,1-6
ཉི་མའི་འོད,ཉི་མའི་འོད,light_of_the_sun,1-6
བཞིན,བཞིན,like,1-6
ཕྲིན་ལས,ཕྲིན་ལས,enlightened_activity,1-6
མངའ,མངའ,possesses,1-6
རྣམ་པ་ཀུན་ཏུ,རྣམ་པ་ཀུན་ཏུ,in_every_respect,1-6
མི་བསླུ་བའི,མི་བསླུ་བའི,unerring,1-6
རྩ་ལག,རྩ་ལག,kinsman,1-6
ཁྱོད་ལ,ཁྱོད་ལ,to_you,1-6
བདག,བདག,I,1-6
སྐྱབས་མཆི,སྐྱབས་མཆི,go_for_refuge,1-6
ཁྱོད་ཀྱི,ཁྱོད་ཀྱི,your,1-7
གསུང་རབ,གསུང་རབ,scriptural_speech,1-7
སེངྒེའི་སྒྲ,སེངྒེའི་སྒྲ,lion's_roar,1-7
ལྷར་བཅས,ལྷར་བཅས,including_the_gods,1-7
འཇིག་རྟེན,འཇིག་རྟེན,world,1-7
བསྒྲགས་པ་ན,བསྒྲགས་པ་ན,when_proclaimed,1-7
ཚངས,ཚངས,Brahmā,1-7
དང་,དང་,and,1-7
ཁྱབ་འཇུག,ཁྱབ་འཇུག,Viṣṇu,1-7
ལྐུགས་པར་གྱུར,ལྐུགས་པར་གྱུར,were_rendered_speechless,1-7
ལྷ་ཡི་བླ་མ,ལྷ་ཡི་བླ་མ,teachers_of_the_gods,1-7
ཝ་ལྟར,ཝ་ལྟར,like_foxes,1-7
ཞུམ,ཞུམ,shrank_away,1-7
ཐུབ་པ,ཐུབ་པ,sages,1-8
རྐང་མིག,རྐང་མིག,Akṣapāda,1-8
གྲོག་མཁར,གྲོག་མཁར,Vālmīki,1-8
དང་,དང་,and,1-8
དྲང་སྲོང་རྒྱས་པ,དྲང་སྲོང་རྒྱས་པ,Vyāsa,1-8
གནས་འཇོག,གནས་འཇོག,Ne-jok,1-8
སོགས,སོགས,and_others,1-8
གྲགས་པ,གྲགས་པ,renown,1-8
ཐོབ་པ,ཐོབ་པ,attained,1-8
དེ་དག་ཀུན,དེ་དག་ཀུན,all_those,1-8
ཆོས་ཀྱིས,ཆོས་ཀྱིས,with_the_Dharma,1-8
ཕམ་མཛད,ཕམ་མཛད,defeated,1-8
ཁྱོད་ལ,ཁྱོད་ལ,to_you,1-8
འདུད,འདུད,I_bow,1-8
བྱང་ཆུབ་མཆོག,བྱང་ཆུབ་མཆོག,supreme_enlightenment,1-9
བརྙེས་ནས,བརྙེས་ནས,having_attained,1-9
འགྲོ་བའི་དོན,འགྲོ་བའི་དོན,for_the_sake_of_beings,1-9
མཛད,མཛད,work,1-9
ངོ་མཚར་ཆེ,ངོ་མཚར་ཆེ,truly_wondrous,1-9
སྲིད་པའི་སྲེད,སྲིད་པའི་སྲེད,craving_of_existence,1-9
མ་གྲོལ་བར,མ་གྲོལ་བར,before_being_freed,1-9
སྐུ་སྲོག,སྐུ་སྲོག,your_own_life,1-9
བཏང་བས,བཏང་བས,sacrificed,1-9
བ་སྤུ་ལྡང,བ་སྤུ་ལྡང,hair_stand_on_end,1-9
ཉིད་ཀྱི་སྐུ་སྲོག,ཉིད་ཀྱི་སྐུ་སྲོག,your_own_life,1-10
མི་གཟིགས་པར,མི་གཟིགས་པར,without_regarding,1-10
ཁྱེད་ལ,ཁྱེད་ལ,for_your,1-10
ཕན་པར་བྱའོ,ཕན་པར་བྱའོ,benefit,1-10
ཞེས,ཞེས,Saying,1-10
མགོན་མེད,མགོན་མེད,without_a_protector,1-10
བདག་ཅག,བདག་ཅག,us,1-10
རྗེས་གཟུང་བ,རྗེས་གཟུང་བ,cared_for,1-10
མགོན་པོ,མགོན་པོ,Protector,1-10
ཁྱོད་ལ,ཁྱོད་ལ,in_you,1-10
བདག,བདག,I,1-10
སྐྱབས་མཆི,སྐྱབས་མཆི,take_refuge,1-10
རྒྱལ་བས,རྒྱལ་བས,The_Victorious_One,1-11
བདུད་སྡེ,བདུད་སྡེ,hosts_of_Māra,1-11
བཏུལ་བ,བཏུལ་བ,subdued,1-11
མུ་སྟེགས,མུ་སྟེགས,non-Buddhist_extremists,1-11
མ་ལུས,མ་ལུས,all,1-11
ཕམ་མཛད,ཕམ་མཛད,Defeated,1-11
ཉན་ཐོས,ཉན་ཐོས,Hearers,1-11
སློབ་མ,སློབ་མ,disciples,1-11
གྲངས་མེད,གྲངས་མེད,countless,1-11
བཀྲོལ,བཀྲོལ,Liberated,1-11
རྒྱལ་སྲས་དམ་པ,རྒྱལ་སྲས་དམ་པ,noble_heirs_of_the_Victor,1-11
ལུང་བསྟན་མཛད,ལུང་བསྟན་མཛད,gave_prophecies,1-11
དེ་འདྲའི,དེ་འདྲའི,such,1-12
ལེགས་ཚོགས,ལེགས་ཚོགས,excellent_deeds,1-12
མཐོང་བ་རྣམས,མཐོང་བ་རྣམས,Seeing,1-12
ཁྱོད་ཀྱི་ཡོན་ཏན,ཁྱོད་ཀྱི་ཡོན་ཏན,your_qualities,1-12
དོན་གཉེར་བས,དོན་གཉེར་བས,aspiring_for,1-12
བྱང་ཆུབ,བྱང་ཆུབ,enlightenment,1-12
སླད་དུ,སླད་དུ,for_the_sake_of,1-12
འཇུག་པ,འཇུག་པ,enter_upon_the_path,1-12
བདག,བདག,I,1-12
སླར་ཡང,སླར་ཡང,Once_again,1-12
ཁྱོད་ལ,ཁྱོད་ལ,in_you,1-12
བདག,བདག,I,1-12
སྐྱབས་མཆི,སྐྱབས་མཆི,take_refuge,1-12
ཁྱོདཀྱི་སྲས,ཁྱོདཀྱི་སྲས,Your_son,1-13
ནི,ནི,is,1-13
འཇམ་པའི་དབྱངས,འཇམ་པའི་དབྱངས,Mañjughoṣa,1-13
སློབ་མ,སློབ་མ,Your_disciple,1-13
ཤ་ར་དྭ་ཏིའི་བུ,ཤ་ར་དྭ་ཏིའི་བུ,Śāradvatīputra,1-13
བྱམས་པ,བྱམས་པ,Maitreya,1-13
རྒྱལ་ཚབ་དམ་པར,རྒྱལ་ཚབ་དམ་པར,your_supreme_regent,1-13
མཛད,མཛད,have_made,1-13
སེམསཤེས་སུ,སེམསཤེས་སུ,Who,1-13
ཞིག,ཞིག,possibly,1-13
ཐེ་ཚོམ་ཟ,ཐེ་ཚོམ་ཟ,doubt,1-13
ཁྱོད་ཀྱི་ཡོན་ཏན,ཁྱོད་ཀྱི་ཡོན་ཏན,your_qualities,1-14
སྨོས་ཅི་འཚལ,སྨོས་ཅི་འཚལ,What_need_is_there_to_speak_of,1-14
སྲས་ཀྱི་ཡོན་ཏན,སྲས་ཀྱི་ཡོན་ཏན,qualities_of_your_sons,1-14
མཐོང་བས,མཐོང་བས,Seeing,1-14
འཁུམས,འཁུམས,one_is_overcome,1-14
སྐྱ་རེངསཤར་བའི,སྐྱ་རེངསཤར་བའི,of_the_rising_dawn,1-14
གཟི་བརྗིད་ཀྱིས,གཟི་བརྗིད་ཀྱིས,By_the_brilliance,1-14
པདྨོའི་གཉེན་གྱི,པདྨོའི་གཉེན་གྱི,of_the_friend_of_the_lotus,1-14
འོད་ཟེར,འོད་ཟེར,rays,1-14
གོ,གོ,One_understands,1-14
ཇི་ལྟ་བ,ཇི་ལྟ་བ,as_they_are,1-15
དང་,དང་,and,1-15
ཇི་སྙེད,ཇི་སྙེད,as_they_exist,1-15
ཆོས,ཆོས,phenomena,1-15
ཁྱོད་ཀྱིས,ཁྱོད་ཀྱིས,you,1-15
རྣམ་པ་ཀུན,རྣམ་པ་ཀུན,in_every_way,1-15
བརྙེས་པས,བརྙེས་པས,have_attained,1-15
བཞེད་པའི,བཞེད་པའི,as_you_intended,1-15
ཕྲིན་ལས,ཕྲིན་ལས,enlightened_activities,1-15
གྲུབ་པ,གྲུབ་པ,accomplished,1-15
ཁྱོད་ལ,ཁྱོད་ལ,to_you,1-15
བདག,བདག,I,1-15
ཕྱག་འཚལ,ཕྱག་འཚལ,prostrate,1-15
དེ་ལྟར,དེ་ལྟར,Thus,1-16
འགྲོ་བའི་བླ་མ,འགྲོ་བའི་བླ་མ,Guru_of_beings,1-16
ཤཱཀྱའི་རིགས,ཤཱཀྱའི་རིགས,Śākya_lineage,1-16
བུ་རམ་ཤིང་པའི་གདུང་རྒྱུད,བུ་རམ་ཤིང་པའི་གདུང་རྒྱུད,royal_line_of_the_Ikṣvāku,1-16
ལས,ལས,from,1-16
འཁྲུངས་པ,འཁྲུངས་པ,Born,1-16
བཅོམ་ལྡན,བཅོམ་ལྡན,Bhagavan,1-16
རྫོགས་པའི་སངས་རྒྱས,རྫོགས་པའི་སངས་རྒྱས,Perfect_Buddha,1-16
བསྟོད་པ་ཡིས,བསྟོད་པ་ཡིས,By_this_praise,1-16
འགྲོ་བས,འགྲོ་བས,beings,1-16
ཀུན་མཁྱེན,ཀུན་མཁྱེན,omniscience,1-16
མྱུར་དུ,མྱུར་དུ,swiftly,1-16
ཐོབ་པར་ཤོག,ཐོབ་པར་ཤོག,May_attain,1-16
ཆོས་སྐུ,ཆོས་སྐུ,Dharmakāya,2-1
ཤེར་ཕྱིན,ཤེར་ཕྱིན,Prajñāpāramitā,2-1
བཅོམ་ལྡན,བཅོམ་ལྡན,Bhagavatī,2-1
ཀུན་བཟང་མོ,ཀུན་བཟང་མོ,Samantabhadrī,2-1
ལོངས་སྤྱོད་ཡོངས་རྫོགས,ལོངས་སྤྱོད་ཡོངས་རྫོགས,Complete_Sambhogakāya,2-1
བཛྲ་ཝཱ་ར་ཧི,བཛྲ་ཝཱ་ར་ཧི,Vajravārāhī,2-1
སྤྲུལ་པའི་རྣམ་རོལ,སྤྲུལ་པའི་རྣམ་རོལ,Emanation-display,2-1
རྗེ་བཙུན་སྒྲོལ་མ,རྗེ་བཙུན་སྒྲོལ་མ,Venerable_Tārā,2-1
ཡུམ,ཡུམ,Mother,2-1
གསོལ་བ་འདེབས་སོ,གསོལ་བ་འདེབས་སོ,I_pray_to_you,2-1
མཆོག་ཐུན,མཆོག་ཐུན,supreme_and_ordinary,2-1
དངོས་གྲུབ,དངོས་གྲུབ,accomplishments,2-1
སྩོལ,སྩོལ,grant,2-1
སངས་རྒྱས་གཉིས་པ,སངས་རྒྱས་གཉིས་པ,second_Buddha,2-2
པདྨ་ཀཱ་ར,པདྨ་ཀཱ་ར,Padmākara,2-2
གསང་སྔགས་མཛོད་འཛིན,གསང་སྔགས་མཛོད་འཛིན,holder_of_the_secret_mantra_treasury,2-2
ཌཱ་ཀི་འབུམ་གྱི་རྗེ,ཌཱ་ཀི་འབུམ་གྱི་རྗེ,Lord_of_a_hundred_thousand_ḍākinīs,2-2
བྱང་ཆུབ་སེམས་དཔའ,བྱང་ཆུབ་སེམས་དཔའ,Bodhisattva,2-2
ལྷ་སྲས,ལྷ་སྲས,Prince,2-2
རོལ་པ་རྩལ,རོལ་པ་རྩལ,Rolpa_Tsal,2-2
གསོལ་བ་འདེབས་སོ,གསོལ་བ་འདེབས་སོ,I_pray_to_you,2-2
མཆོག་ཐུན,མཆོག་ཐུན,supreme_and_ordinary,2-2
དངོས་གྲུབ,དངོས་གྲུབ,accomplishments,2-2
སྩོལ,སྩོལ,grant,2-2
ཟབ་གཏེར,ཟབ་གཏེར,profound_treasures,2-3
སྒོ་འབྱེད,སྒོ་འབྱེད,who_opened_the_door,2-3
མཆོག་གྱུར་བདེ་ཆེན་གླིང,མཆོག་གྱུར་བདེ་ཆེན་གླིང,Chokgyur_Dechen_Lingpa,2-3
བཀའ་བབས་བདུན་ལྡན,བཀའ་བབས་བདུན་ལྡན,endowed_with_the_seven_authoritative_transmissions,2-3
རྡོ་རྗེ་གཟི་བརྗིད་རྩལ,རྡོ་རྗེ་གཟི་བརྗིད་རྩལ,Dorje_Ziji_Tsal,2-3
རྒྱལ་བསྟན,རྒྱལ་བསྟན,Buddha's_teachings,2-3
གསལ་མཛད,གསལ་མཛད,who_clarified,2-3
པདྨ་གར་གྱི་དབང,པདྨ་གར་གྱི་དབང,Pema_Garwang,2-3
གསོལ་བ་འདེབས་སོ,གསོལ་བ་འདེབས་སོ,I_pray_to_you,2-3
མཆོག་ཐུན,མཆོག་ཐུན,supreme_and_ordinary,2-3
དངོས་གྲུབ,དངོས་གྲུབ,accomplishments,2-3
སྩོལ,སྩོལ,grant,2-3
གཞན་ཡང,གཞན་ཡང,Moreover,2-5
ཟབ་རྒྱས,ཟབ་རྒྱས,profound_and_vast,2-5
སྨིན་གྲོལ,སྨིན་གྲོལ,ripening_and_liberation,2-5
མཛོད་འཛིན་པའི,མཛོད་འཛིན་པའི,holders_of_the_treasury,2-5
རྩ་བརྒྱུད་བླ་མ,རྩ་བརྒྱུད་བླ་མ,root_and_lineage_gurus,2-5
འཕགས་མ,འཕགས་མ,Noble_Goddess,2-5
མྱུར་མཛད་ལྷ,མྱུར་མཛད་ལྷ,Swift_One,2-5
རྩ་གསུམ,རྩ་གསུམ,Three_Roots,2-5
རྡོ་རྗེའི་ཆོས་སྲུང,རྡོ་རྗེའི་ཆོས་སྲུང,Vajra_Dharma_protectors,2-5
རྒྱ་མཚོ,རྒྱ་མཚོ,ocean,2-5
གསོལ་བ་འདེབས་སོ,གསོལ་བ་འདེབས་སོ,I_pray_to_you,2-5
མཆོག་ཐུན,མཆོག་ཐུན,supreme_and_ordinary,2-5
དངོས་གྲུབ,དངོས་གྲུབ,accomplishments,2-5
སྩོལ,སྩོལ,grant,2-5
ངེས་པར་འབྱུང་བས,ངེས་པར་འབྱུང་བས,spirit_of_renunciation,2-6
བློ་རྒྱུད་ཞིང་ས,བློ་རྒྱུད་ཞིང་ས,field_of_my_mind,2-6
བརླན,བརླན,be_moistened,2-6
ལྷག་བསམ་དག་པས,ལྷག་བསམ་དག་པས,pure_altruistic_intention,2-6
ལྗོན་འཁྲུངས,ལྗོན་འཁྲུངས,sprouts,2-6
ཚར་དུ,ཚར་དུ,in_lush_rows,2-6
དངར,དངར,grow,2-6
ཡེ་ཤེས་ཆེན་པོའི་འབྲས་བུ,ཡེ་ཤེས་ཆེན་པོའི་འབྲས་བུ,abundant_fruit_of_great_primordial_wisdom,2-6
གཡུར་ཟ་བས,གཡུར་ཟ་བས,bearing,2-6
དོན་གཉིས,དོན་གཉིས,twofold_benefit,2-6
ལྷུན་གྱིས་གྲུབ་པར,ལྷུན་གྱིས་གྲུབ་པར,spontaneous_accomplishment,2-6
མཛད་དུ་གསོལ,མཛད་དུ་གསོལ,I_pray_that_you_grant,2-6
ན་མོ,ན་མོ,Namo,4-1
གུ་རུ,གུ་རུ,guru,4-1
ཨཱརྻ་ཏཱ་རེ་ཡེ,ཨཱརྻ་ཏཱ་རེ་ཡེ,ārya-tārāye,4-1
ཕྱག་འཚལ་བ,ཕྱག་འཚལ་བ,I_prostrate,4-34
མཆོད་ཅིང,མཆོད་ཅིང,make_offerings,4-34
བཤགས་པ,བཤགས་པ,confess,4-34
དང་,དང་,and,4-34
རྗེས་སུ་ཡི་རང,རྗེས་སུ་ཡི་རང,I_rejoice,4-34
བསྐུལ་ཞིང,བསྐུལ་ཞིང,exhort,4-34
གསོལ་བ་ཡི,གསོལ་བ་ཡི,and_pray,4-34
དགེ་བ,དགེ་བ,virtue,4-34
ཅུང་ཟད,ཅུང་ཟད,slight,4-34
བདག་གིས,བདག་གིས,I,4-34
ཅི་བསགས་པ,ཅི་བསགས་པ,have_accumulated,4-34
ཐམས་ཅད,ཐམས་ཅད,it_all,4-34
བདག་གིས,བདག་གིས,I,4-34
བྱང་ཆུབ་ཕྱིར,བྱང་ཆུབ་ཕྱིར,for_the_sake_of_enlightenment,4-34
བསྔོའོ,བསྔོའོ,dedicate,4-34
ཕྱག་འཚལ,ཕྱག་འཚལ,Homage,4-56
ཏཱ་རེ,ཏཱ་རེ,Tāre,4-56
མྱུར་མ,མྱུར་མ,swift,4-56
དཔའ་མོ,དཔའ་མོ,heroic,4-56
ཏུཏྟཱ་རེ་ཡིས,ཏུཏྟཱ་རེ་ཡིས,To_Tuttāre,4-56
འཇིགས་པ,འཇིགས་པ,fears,4-56
སེལ་མ,སེལ་མ,she_who_dispels,4-56
ཏུ་རེས,ཏུ་རེས,To_Ture,4-56
དོན་ཀུན,དོན་ཀུན,all_benefits,4-56
སྦྱིན་པས,སྦྱིན་པས,who_grants,4-56
སྒྲོལ་མ,སྒྲོལ་མ,liberatress,4-56
སྭཱ་ཧཱའི་ཡི་གེ,སྭཱ་ཧཱའི་ཡི་གེ,syllables_of_Svāhā,4-56
ཁྱོད་ལ,ཁྱོད་ལ,to_you,4-56
འདུད་དོ,འདུད་དོ,I_bow,4-56
ཕྱག་འཚལ,ཕྱག་འཚལ,Homage,4-57
སྒྲོལ་མ,སྒྲོལ་མ,Tārā,4-57
མྱུར་མ,མྱུར་མ,swift,4-57
དཔའ་མོ,དཔའ་མོ,heroic,4-57
སྤྱན,སྤྱན,eyes,4-57
སྐད་ཅིག,སྐད་ཅིག,momentary,4-57
གློག,གློག,lightning,4-57
དང་འདྲ་མ,དང་འདྲ་མ,like,4-57
འཇིག་རྟེན་གསུམ་མགོན,འཇིག་རྟེན་གསུམ་མགོན,Lord_of_the_Three_Worlds,4-57
ཆུ་སྐྱེས་ཞལ་གྱི,ཆུ་སྐྱེས་ཞལ་གྱི,of_the_lotus-face,4-57
གེ་སར་བྱེ་བ,གེ་སར་བྱེ་བ,opening_stamens,4-57
ལས,ལས,from,4-57
བྱུང་མ,བྱུང་མ,she_who_arose,4-57
ཕྱག་འཚལ,ཕྱག་འཚལ,Homage,4-58
སྟོན་ཀའི་ཟླ་བ,སྟོན་ཀའི་ཟླ་བ,autumn_moons,4-58
ཀུན་ཏུ,ཀུན་ཏུ,gathered_together,4-58
གང་བ,གང་བ,full,4-58
བརྒྱ,བརྒྱ,hundred,4-58
བརྩེགས་པའི,བརྩེགས་པའི,gathered,4-58
ཞལ་མ,ཞལ་མ,face,4-58
སྐར་མ,སྐར་མ,stars,4-58
སྟོང་ཕྲག,སྟོང་ཕྲག,thousand,4-58
ཚོགས་པ་རྣམས་ཀྱིས,ཚོགས་པ་རྣམས་ཀྱིས,gathered,4-58
རབ་ཏུ་ཕྱེ་བའི,རབ་ཏུ་ཕྱེ་བའི,brilliant,4-58
འོད་རབ,འོད་རབ,light,4-58
འབར་མ,འབར་མ,Blazing_with,4-58
ཕྱག་འཚལ,ཕྱག་འཚལ,Homage,4-59
གསེར་སྔོ,གསེར་སྔོ,gold_and_blue,4-59
ཆུ་ནས་སྐྱེས,ཆུ་ནས་སྐྱེས,water-born_lotus,4-59
པདྨས,པདྨས,with_a_lotus,4-59
ཕྱག,ཕྱག,hand,4-59
རྣམ་པར་བརྒྱན་མ,རྣམ་པར་བརྒྱན་མ,beautifully_adorned,4-59
སྦྱིན་པ,སྦྱིན་པ,generosity,4-59
བརྩོན་འགྲུས,བརྩོན་འགྲུས,diligence,4-59
དཀའ་ཐུབ,དཀའ་ཐུབ,austerity,4-59
ཞི་བ,ཞི་བ,peace,4-59
བཟོད་པ,བཟོད་པ,Patience,4-59
བསམ་གཏན,བསམ་གཏན,meditative_concentration,4-59
སྤྱོད་ཡུལ་ཉིད་མ,སྤྱོད་ཡུལ་ཉིད་མ,sphere_of_activity,4-59
ཕྱག་འཚལ,ཕྱག་འཚལ,Homage,4-60
དེ་བཞིན་གཤེགས་པའི,དེ་བཞིན་གཤེགས་པའི,of_the_Tathāgatas,4-60
གཙུག་ཏོར,གཙུག་ཏོར,Uṣṇīṣa,4-60
མཐའ་ཡས,མཐའ་ཡས,infinite,4-60
རྣམ་པར་རྒྱལ་བ,རྣམ་པར་རྒྱལ་བ,complete_victory,4-60
སྤྱོད་མ,སྤྱོད་མ,she_who_acts_with,4-60
མ་ལུས,མ་ལུས,without_exception,4-60
ཕ་རོལ་ཕྱིན་པ,ཕ་རོལ་ཕྱིན་པ,every_single_perfection,4-60
ཐོབ་པའི,ཐོབ་པའི,Having_attained,4-60
རྒྱལ་བའི་སྲས་ཀྱིས,རྒྱལ་བའི་སྲས་ཀྱིས,by_the_Victors'_heirs,4-60
ཤིན་ཏུ,ཤིན་ཏུ,deeply,4-60
བསྟེན་མ,བསྟེན་མ,relied_upon,4-60
ཕྱག་འཚལ,ཕྱག་འཚལ,Homage,4-61
ཏུཏྟཱ་ར,ཏུཏྟཱ་ར,TUTTĀRA,4-61
ཧཱུཾ,ཧཱུཾ,HŪṂ,4-61
ཡི་གེས,ཡི་གེས,with_the_syllables,4-61
འདོད,འདོད,realms_of_desire,4-61
དང་,དང་,and,4-61
ཕྱོགས,ཕྱོགས,directions,4-61
དང་,དང་,and,4-61
ནམ་མཁའ,ནམ་མཁའ,space,4-61
གང་མ,གང་མ,Fills,4-61
འཇིག་རྟེན་བདུན་པོ,འཇིག་རྟེན་བདུན་པོ,seven_worlds,4-61
ཞབས་ཀྱིས,ཞབས་ཀྱིས,under_her_feet,4-61
མནན་ཏེ,མནན་ཏེ,Trampling,4-61
ལུས་པ་མེད་པར,ལུས་པ་མེད་པར,all_without_exception,4-61
འགུགས་པར,འགུགས་པར,to_summon,4-61
ནུས་མ,ནུས་མ,is_able,4-61
ཕྱག་འཚལ,ཕྱག་འཚལ,Homage,4-62
བརྒྱ་བྱིན,བརྒྱ་བྱིན,Indra,4-62
མེ་ལྷ,མེ་ལྷ,Agni,4-62
ཚངས་པ,ཚངས་པ,Brahmā,4-62
རླུང་ལྷ,རླུང་ལྷ,Vāyu,4-62
སྣ་ཚོགས་དབང་ཕྱུག,སྣ་ཚོགས་དབང་ཕྱུག,various_Īśvaras,4-62
མཆོད་མ,མཆོད་མ,worship,4-62
འབྱུང་པོ,འབྱུང་པོ,spirits,4-62
རོ་ལངས,རོ་ལངས,zombies,4-62
དྲི་ཟ་རྣམས,དྲི་ཟ་རྣམས,gandharvas,4-62
དང་,དང་,and,4-62
གནོད་སྦྱིན་ཚོགས་ཀྱིས,གནོད་སྦྱིན་ཚོགས་ཀྱིས,hosts_of_yakṣas,4-62
མདུན་ནས,མདུན་ནས,from_before_you,4-62
བསྟོད་མ,བསྟོད་མ,praise,4-62
ཕྱག་འཚལ,ཕྱག་འཚལ,Homage,4-63
ཏྲཊ,ཏྲཊ,TRAṬ,4-63
དང་,དང་,and,4-63
ཕཊ,ཕཊ,PHAṬ,4-63
ཀྱིས,ཀྱིས,with_the_syllables,4-63
ཕ་རོལ,ཕ་རོལ,adversaries,4-63
འཕྲུལ་འཁོར,འཕྲུལ་འཁོར,magical_wheels,4-63
རབ་ཏུ,རབ་ཏུ,Completely,4-63
འཇོམས་མ,འཇོམས་མ,shatter,4-63
གཡས་བསྐམ,གཡས་བསྐམ,right_leg_drawn_in,4-63
གཡོན་བརྐྱང,གཡོན་བརྐྱང,left_extended,4-63
ཞབས་ཀྱིས,ཞབས་ཀྱིས,with_your,4-63
མནན་ཏེ,མནན་ཏེ,Trampling,4-63
མེ་འབར,མེ་འབར,swirling_mass_of_fire,4-63
ཤིན་ཏུ,ཤིན་ཏུ,intensely,4-63
འབར་མ,འབར་མ,Blazing,4-63
ཕྱག་འཚལ,ཕྱག་འཚལ,Homage,4-64
ཏུ་རེ,ཏུ་རེ,TURE,4-64
འཇིགས་པ་ཆེན་པོས,འཇིགས་པ་ཆེན་པོས,Great_Fearful_One,4-64
བདུད་ཀྱི་དཔའ་བོ,བདུད་ཀྱི་དཔའ་བོ,champions_of_Mara,4-64
རྣམ་པར,རྣམ་པར,completely,4-64
འཇོམས་མ,འཇོམས་མ,destroys,4-64
ཆུ་སྐྱེས་ཞལ,ཆུ་སྐྱེས་ཞལ,lotus_face,4-64
ཁྲོ་གཉེར་ལྡན་མཛད,ཁྲོ་གཉེར་ལྡན་མཛད,forms_a_frowning_expression,4-64
དགྲ་བོ,དགྲ་བོ,enemies,4-64
ཐམས་ཅད,ཐམས་ཅད,all,4-64
མ་ལུས,མ་ལུས,without_exception,4-64
གསོད་མ,གསོད་མ,slays,4-64
ཕྱག་འཚལ,ཕྱག་འཚལ,Homage,4-65
དཀོན་མཆོག་གསུམ,དཀོན་མཆོག་གསུམ,Three_Jewels,4-65
མཚོན,མཚོན,symbolizing,4-65
ཕྱག་རྒྱའི,ཕྱག་རྒྱའི,mudrā,4-65
སོར་མོས,སོར་མོས,fingers,4-65
ཐུགས་ཀར,ཐུགས་ཀར,heart,4-65
རྣམ་པར་བརྒྱན་མ,རྣམ་པར་བརྒྱན་མ,Beautifully_adorn,4-65
མ་ལུས,མ་ལུས,without_exception,4-65
ཕྱོགས་ཀྱི,ཕྱོགས་ཀྱི,in_every_direction,4-65
འཁོར་ལོ,འཁོར་ལོ,wheels,4-65
བརྒྱན་པའི,བརྒྱན་པའི,Adorned_with,4-65
རང་གི་འོད་ཀྱི་ཚོགས་རྣམས,རང་གི་འོད་ཀྱི་ཚོགས་རྣམས,turbulent_mass_of_her_own_brilliance,4-65
འཁྲུགས་མ,འཁྲུགས་མ,Radiating,4-65
ཕྱག་འཚལ,ཕྱག་འཚལ,Homage,4-66
རབ་ཏུ་དགའ་བ,རབ་ཏུ་དགའ་བ,supreme_joy,4-66
བརྗིད་པའི,བརྗིད་པའི,majestic,4-66
དབུ་བརྒྱན,དབུ་བརྒྱན,crown_ornament,4-66
འོད་ཀྱི་ཕྲེང་བ,འོད་ཀྱི་ཕྲེང་བ,garlands_of_light,4-66
སྤེལ་མ,སྤེལ་མ,spread,4-66
བཞད་པ,བཞད་པ,laughter,4-66
ཏུཏྟཱ་ར་ཡིས,ཏུཏྟཱ་ར་ཡིས,with_TUTTĀRE,4-66
བདུད,བདུད,demons,4-66
དང་,དང་,and,4-66
འཇིག་རྟེན,འཇིག་རྟེན,world,4-66
དབང་དུ,དབང་དུ,under_your_power,4-66
མཛད་མ,མཛད་མ,Bring,4-66
ཕྱག་འཚལ,ཕྱག་འཚལ,Homage,4-67
ས་གཞི་སྐྱོང་བའི་ཚོགས་རྣམས,ས་གཞི་སྐྱོང་བའི་ཚོགས་རྣམས,hosts_of_local_guardians,4-67
ཐམས་ཅད,ཐམས་ཅད,all,4-67
འགུགས་པར,འགུགས་པར,to_summon,4-67
ནུས་པ་ཉིད་མ,ནུས་པ་ཉིད་མ,who_have_the_power,4-67
ཁྲོ་གཉེར་གཡོ་བའི,ཁྲོ་གཉེར་གཡོ་བའི,vibrating_frown,4-67
ཡི་གེ་ཧཱུཾ་གིས,ཡི་གེ་ཧཱུཾ་གིས,with_the_syllable_HŪṀ,4-67
ཕོངས་པ,ཕོངས་པ,destitution,4-67
ཐམས་ཅད,ཐམས་ཅད,all,4-67
རྣམ་པར,རྣམ་པར,Completely,4-67
སྒྲོལ་མ,སྒྲོལ་མ,liberate,4-67
ཕྱག་འཚལ,ཕྱག་འཚལ,Homage,4-68
ཟླ་བའི་དུམ་བུའི,ཟླ་བའི་དུམ་བུའི,crescent_moon,4-68
དབུ་བརྒྱན,དབུ་བརྒྱན,head_is_adorned_with,4-68
བརྒྱན་པ,བརྒྱན་པ,ornament,4-68
ཐམས་ཅད,ཐམས་ཅད,every,4-68
ཤིན་ཏུ,ཤིན་ཏུ,intensely,4-68
འབར་མ,འབར་མ,blazes,4-68
རལ་པའི་ཁྲོད་ནས,རལ་པའི་ཁྲོད་ནས,From_whose_matted_locks,4-68
འོད་དཔག་མེད,འོད་དཔག་མེད,Amitābha,4-68
རྟག་པར,རྟག་པར,Constantly,4-68
ཤིན་ཏུ,ཤིན་ཏུ,magnificent,4-68
འོད་རབ,འོད་རབ,light,4-68
མཛད་མ,མཛད་མ,radiates,4-68
ཕྱག་འཚལ,ཕྱག་འཚལ,Homage,4-69
བསྐལ་པ་ཐ་མའི་མེ,བསྐལ་པ་ཐ་མའི་མེ,fire_at_the_end_of_an_eon,4-69
ལྟར,ལྟར,Like,4-69
འབར་བའི་ཕྲེང་བའི,འབར་བའི་ཕྲེང་བའི,blazing_garland,4-69
དབུས་ན,དབུས་ན,in_the_midst_of,4-69
གནས་མ,གནས་མ,who_dwell,4-69
གཡས་བརྐྱང,གཡས་བརྐྱང,right_leg_extended,4-69
གཡོན་བསྐུམ,གཡོན་བསྐུམ,left_bent,4-69
ཀུན་ནས་བསྐོར,ཀུན་ནས་བསྐོར,surrounded,4-69
དགའི,དགའི,joy,4-69
དགྲ་ཡི་དཔུང,དགྲ་ཡི་དཔུང,armies_of_enemies,4-69
རྣམ་པར,རྣམ་པར,completely,4-69
འཇོམས་མ,འཇོམས་མ,destroy,4-69
ཕྱག་འཚལ,ཕྱག་འཚལ,Homage,4-70
ས་གཞིའི་ངོས,ས་གཞིའི་ངོས,surface_of_the_earth,4-70
ཕྱག་གི,ཕྱག་གི,With_your_palms,4-70
བསྣུན,བསྣུན,strike,4-70
ཅིང,ཅིང,and,4-70
ཞབས་ཀྱིས,ཞབས་ཀྱིས,with_your_feet,4-70
བརྡུང་མ,བརྡུང་མ,trample,4-70
ཁྲོ་གཉེར་ཅན་མཛད,ཁྲོ་གཉེར་ཅན་མཛད,wrathful_frown,4-70
ཡི་གེ་ཧཱུྃ་གིས,ཡི་གེ་ཧཱུྃ་གིས,with_the_syllable_HŪṀ,4-70
རིམ་པ་བདུན་པོ་རྣམས,རིམ་པ་བདུན་པོ་རྣམས,seven_levels,4-70
འགེམས་མ,འགེམས་མ,shatter,4-70
ཕྱག་འཚལ,ཕྱག་འཚལ,Homage,4-71
བདེ་མ,བདེ་མ,blissful,4-71
དགེ་མ,དགེ་མ,virtuous,4-71
ཞི་མ,ཞི་མ,peaceful,4-71
མྱ་ངན་འདས་ཞི,མྱ་ངན་འདས་ཞི,peace_of_nirvāṇa,4-71
སྤྱོད་ཡུལ་ཉིད་མ,སྤྱོད་ཡུལ་ཉིད་མ,sphere_of_experience,4-71
སྭཱ་ཧཱ,སྭཱ་ཧཱ,SVĀHĀ,4-71
ཨོཾ,ཨོཾ,OṀ,4-71
དང་,དང་,and,4-71
ཡང་དག་ལྡན་པས,ཡང་དག་ལྡན་པས,Perfectly_endowed_with,4-71
སྡིག་པ་ཆེན་པོ,སྡིག་པ་ཆེན་པོ,great_negativity,4-71
འཇོམས་པ་ཉིད་མ,འཇོམས་པ་ཉིད་མ,the_one_who_destroys,4-71
ཕྱག་འཚལ,ཕྱག་འཚལ,Homage,4-72
ཀུན་ནས་བསྐོར,ཀུན་ནས་བསྐོར,surrounded_by,4-72
རབ་དགའ་བའི,རབ་དགའ་བའི,intense_joy,4-72
དགྲ་ཡི་ལུས,དགྲ་ཡི་ལུས,bodies_of_enemies,4-72
རབ་ཏུ,རབ་ཏུ,utterly,4-72
འགེམས་མ,འགེམས་མ,shatters,4-72
ཡི་གེ་བཅུ་པའི,ཡི་གེ་བཅུ་པའི,ten-syllable_mantra,4-72
ངག,ངག,speech,4-72
བཀོད་པའི,བཀོད་པའི,arranged_on,4-72
རིག་པ,རིག་པ,wisdom,4-72
ཧཱུཾ་ལས,ཧཱུཾ་ལས,arising_from_HŪṀ,4-72
སྒྲོལ་མ་ཉིད་མ,སྒྲོལ་མ་ཉིད་མ,Tara,4-72
ཕྱག་འཚལ,ཕྱག་འཚལ,Homage,4-73
ཏུ་རེའི,ཏུ་རེའི,TURE,4-73
ཞབས,ཞབས,feet,4-73
བརྡབས་པས,བརྡབས་པས,stamp,4-73
ཧཱུཾ་གི་རྣམ་པའི,ཧཱུཾ་གི་རྣམ་པའི,in_the_form_of_HŪṀ,4-73
ས་བོན,ས་བོན,seed-syllable,4-73
ཉིད་མ,ཉིད་མ,essence,4-73
རི་རབ,རི་རབ,Mount_Meru,4-73
མནྡཱ་ར,མནྡཱ་ར,Mandara,4-73
དང་,དང་,and,4-73
འབིགས་བྱེད,འབིགས་བྱེད,Vindhya,4-73
འཇིག་རྟེན་གསུམ་རྣམས,འཇིག་རྟེན་གསུམ་རྣམས,three_worlds,4-73
གཡོ་བ,གཡོ་བ,to_tremble,4-73
ཕྱག་འཚལ,ཕྱག་འཚལ,Homage,4-74
ལྷ་ཡི་མཚོ་ཡི,ལྷ་ཡི་མཚོ་ཡི,celestial_lake,4-74
རྣམ་པའི,རྣམ་པའི,which_has_the_form_of,4-74
རི་དྭགས་རྟགས་ཅན,རི་དྭགས་རྟགས་ཅན,deer-marked_moon,4-74
ཕྱག་ན,ཕྱག་ན,in_your_hand,4-74
བསྣམས་མ,བསྣམས་མ,hold,4-74
ཏཱ་ར,ཏཱ་ར,TĀRA,4-74
གཉིས,གཉིས,twice,4-74
བརྗོད,བརྗོད,reciting,4-74
ཕཊ་ཀྱི་ཡི་གེས,ཕཊ་ཀྱི་ཡི་གེས,and_the_syllable_PHAT,4-74
དུག་རྣམས,དུག་རྣམས,poison,4-74
མ་ལུས་པར,མ་ལུས་པར,without_exception,4-74
ནི,ནི,every,4-74
སེལ་མ,སེལ་མ,clear_away,4-74
ཕྱག་འཚལ,ཕྱག་འཚལ,Homage,4-75
ལྷ་ཡི་ཚོགས་རྣམས,ལྷ་ཡི་ཚོགས་རྣམས,hosts_of_gods,4-75
རྒྱལ་པོ,རྒྱལ་པོ,sovereign,4-75
ལྷ,ལྷ,gods,4-75
དང་,དང་,and,4-75
མི་འམ་ཅི་ཡིས,མི་འམ་ཅི་ཡིས,kinnaras,4-75
བསྟེན་མ,བསྟེན་མ,Served_by,4-75
ཀུན་ནས་གོ་ཆ,ཀུན་ནས་གོ་ཆ,armor_of_universal,4-75
དགའ་བ,དགའ་བ,joy,4-75
བརྗིད་ཀྱིས,བརྗིད་ཀྱིས,With_the_majesty_of,4-75
རྩོད,རྩོད,strife,4-75
དང་,དང་,and,4-75
རྨི་ལམ་ངན་པ,རྨི་ལམ་ངན་པ,bad_dreams,4-75
སེལ་མ,སེལ་མ,dispel,4-75
ཕྱག་འཚལ,ཕྱག་འཚལ,Homage,4-76
ཉི་མ,ཉི་མ,sun,4-76
ཟླ་བ,ཟླ་བ,moon,4-76
རྒྱས་པའི,རྒྱས་པའི,full,4-76
སྤྱན་གཉིས་པོ,སྤྱན་གཉིས་པོ,two_eyes,4-76
འོད་རབ་གསལ་མ,འོད་རབ་གསལ་མ,as_brilliant_as_the_light,4-76
ཧ་ར,ཧ་ར,HARA,4-76
གཉིས,གཉིས,twice,4-76
བརྗོད,བརྗོད,reciting,4-76
ཏུཏྟཱ་ར་ཡིས,ཏུཏྟཱ་ར་ཡིས,and_TUTTĀRE,4-76
ཤིན་ཏུ་དྲག་པོའི,ཤིན་ཏུ་དྲག་པོའི,most_violent,4-76
རིམས་ནད,རིམས་ནད,contagious_diseases,4-76
སེལ་མ,སེལ་མ,dispel,4-76
ཕྱག་འཚལ,ཕྱག་འཚལ,Homage,4-77
དེ་ཉིད་གསུམ,དེ་ཉིད་གསུམ,three_suchnesses,4-77
རྣམ་བཀོད་པས,རྣམ་བཀོད་པས,Through_the_arrangement,4-77
ཞི་བའི་མཐུ,ཞི་བའི་མཐུ,power_of_peace,4-77
ཡང་དག་ལྡན་མ,ཡང་དག་ལྡན་མ,perfectly_endowed_with,4-77
གདོན,གདོན,demons,4-77
དང་,དང་,and,4-77
རོ་ལངས,རོ་ལངས,zombies,4-77
གནོད་སྦྱིན་ཚོགས་རྣམས,གནོད་སྦྱིན་ཚོགས་རྣམས,hosts_of_yakṣas,4-77
འཇོམས་པ,འཇོམས་པ,who_destroys,4-77
ཏུ་རེ,ཏུ་རེ,TURE,4-77
རབ་མཆོག,རབ་མཆོག,supreme,4-77
སྤྱན་རས་གཟིགས་དབང,སྤྱན་རས་གཟིགས་དབང,Avalokiteśvara's,5-1
སྙིང་རྗེའི,སྙིང་རྗེའི,compassion,5-1
ཆུ་གཏེར,ཆུ་གཏེར,ocean,5-1
ལས,ལས,From_the,5-1
ཕན་བདེའི,ཕན་བདེའི,of_benefit_and_bliss,5-1
ཀུན་ད,ཀུན་ད,blooming_lotus,5-1
དཔལ,དཔལ,glory,5-1
འཁྲུངས་པ,འཁྲུངས་པ,has_arisen,5-1
འཕགས་མ་སྒྲོལ་མ,འཕགས་མ་སྒྲོལ་མ,Noble_Tārā,5-1
བདུད་རྩིའི་འོད,བདུད་རྩིའི་འོད,light_of_nectar,5-1
སྣང་ཅན,སྣང་ཅན,possessing,5-1
འཇིགས་བཅས,འཇིགས་བཅས,filled_with_fear,5-1
མུན་པའི་རླབས,མུན་པའི་རླབས,waves_of_darkness,5-1
འདི,འདི,these,5-1
ཞི་བར་མཛོད,ཞི་བར་མཛོད,Please_pacify,5-1
རྒྱལ་ཀུན,རྒྱལ་ཀུན,all_the_Victors,5-2
ཡུམ་གྱུར,ཡུམ་གྱུར,Mother_of,5-2
གདུང་བ,གདུང་བ,torment,5-2
སེལ་བའི,སེལ་བའི,that_dispels,5-2
སྨན,སྨན,medicine,5-2
བྱམས་པའི་མ་མ,བྱམས་པའི་མ་མ,Loving_nurse,5-2
སྐྱེ་དགུའི,སྐྱེ་དགུའི,of_all_living_beings,5-2
གཉེན་གཅིག་པུ,གཉེན་གཅིག་པུ,sole_kinsman,5-2
ཚེ་རབས་ཕྲེང་བར,ཚེ་རབས་ཕྲེང་བར,garland_of_my_lives,5-2
ཕུལ་དུ་མ་མཆིས་པའི,ཕུལ་དུ་མ་མཆིས་པའི,I_have_no_other,5-2
སྐྱབས,སྐྱབས,refuge,5-2
ཁྱོད,ཁྱོད,in_you,5-2
སྙིང་པོའི་བར་དུ,སྙིང་པོའི་བར་དུ,until_I_reach_the_heart_of_enlightenment,5-2
སྐྱབས་སུ་བསྟེན,སྐྱབས་སུ་བསྟེན,I_take,5-2
བདག་སོགས,བདག་སོགས,For_us_and_all,5-3
ལས་ཀྱིས,ལས་ཀྱིས,by_our_karma,5-3
མནར་བའི,མནར་བའི,tormented,5-3
འགྲོ་བ་རྣམས,འགྲོ་བ་རྣམས,beings,5-3
གང་དུ་གནས་ཀྱང,གང་དུ་གནས་ཀྱང,Wherever_we_dwell,5-3
ནད,ནད,sickness,5-3
མཚོན,མཚོན,weapons,5-3
མུ་གེ,མུ་གེ,famine,5-3
སོགས,སོགས,and_the_like,5-3
མི་འདོད་དུ་མས,མི་འདོད་དུ་མས,countless_unwanted_sufferings,5-3
ཡང་ཡང,ཡང་ཡང,Repeatedly,5-3
གཙེས་ལགས་ན,གཙེས་ལགས་ན,afflict_us,5-3
སྡུག་བསྔལ་འདམ,སྡུག་བསྔལ་འདམ,mire_of_misery,5-3
ནས,ནས,from_this,5-3
དྲོངསཤིག,དྲོངསཤིག,Please_pull_us,5-3
རྗེ་བཙུན་མ,རྗེ་བཙུན་མ,O_Jetsunma,5-3
བག་ཆགས,བག་ཆགས,habitual_tendencies,5-4
རྗེས་འབྲང,རྗེས་འབྲང,following,5-4
རྣམ་རྟོག,རྣམ་རྟོག,Conceptual_thoughts,5-4
ཆུ་གཉེར,ཆུ་གཉེར,ripples_on_water,5-4
ལྟར,ལྟར,like,5-4
སྐད་ཅིག་རེ་རེར,སྐད་ཅིག་རེ་རེར,In_each_and_every_instant,5-4
ངན་འགྲོའི་རྒྱུ,ངན་འགྲོའི་རྒྱུ,causes_for_the_miserable_realms,5-4
མང་,མང་,many,5-4
བསགས,བསགས,I_accumulate,5-4
འཁོར་བའི,འཁོར་བའི,cyclic_existence,5-4
ས་བོན,ས་བོན,seed,5-4
འཛད་དུ་མེད་པ,འཛད་དུ་མེད་པ,never-ending,5-4
འདིའི,འདིའི,of_this,5-4
གཞི་རྩ,གཞི་རྩ,root,5-4
ད་ལྟ,ད་ལྟ,right_now,5-4
ཆོད་ཅིག,ཆོད་ཅིག,Please_cut,5-4
རྗེ་བཙུན་མ,རྗེ་བཙུན་མ,O_Jetsunma,5-4
དེ,དེ,this,5-5
རྒྱུ་ཚོགས་ཆེན,རྒྱུ་ཚོགས་ཆེན,great_accumulation_of_merit,5-5
སྔོན་དུ,སྔོན་དུ,preceded,5-5
མ་སོང་བས,མ་སོང་བས,has_not,5-5
དད་པས,དད་པས,with_faith,5-5
རྒྱལ་བའི་བསྟན་སྒོར,རྒྱལ་བའི་བསྟན་སྒོར,gateway_of_the_Victor's_teachings,5-5
ཞུགས,ཞུགས,entered,5-5
རློམས་ཀྱང,རློམས་ཀྱང,Though_I_boast_of_having,5-5
དཀོན་མཆོག་གསུམ,དཀོན་མཆོག་གསུམ,Three_Jewels,5-5
ལ,ལ,in_the,5-5
བློ་གཏད,བློ་གཏད,My_trust,5-5
མ་ཁེལ་བའི,མ་ཁེལ་བའི,has_not_been_firmly_established,5-5
ལས་སྒྲིབ,ལས་སྒྲིབ,karmic_obscurations,5-5
ཕྱུང་ཞིག,ཕྱུང་ཞིག,Please_uproot,5-5
རྗེ་བཙུན་མ,རྗེ་བཙུན་མ,O_Jetsunma,5-5
མངོན་སུམ་དུ,མངོན་སུམ་དུ,before_my_eyes,5-6
ཡང,ཡང,Even,5-6
སྨིན་པར་གྱུར,སྨིན་པར་གྱུར,ripening,5-6
མཐོང་ན,མཐོང་ན,when_I_see,5-6
ད་དུང,ད་དུང,still,5-6
ལས,ལས,karma,5-6
དང་,དང་,and,5-6
ལས་ཀྱི་འབྲས་བུ,ལས་ཀྱི་འབྲས་བུ,its_results,5-6
ལ,ལ,in,5-6
ཡིད་ཆེས,ཡིད་ཆེས,faith,5-6
མ་སྐྱེས,མ་སྐྱེས,have_not_developed,5-6
གཅན་གཟན,གཅན་གཟན,beast_of_prey,5-6
ངུར་སྨྲིག་མདོག,ངུར་སྨྲིག་མདོག,saffron_robes,5-6
བདག་ཡིད,བདག་ཡིད,my_mind,5-6
དགེ་ལ,དགེ་ལ,toward_virtue,5-6
དྲོངས་ཤིག,དྲོངས་ཤིག,Please_lead,5-6
རྗེ་བཙུན་མ,རྗེ་བཙུན་མ,O_Jetsunma,5-6
ཉིན་མཚན,ཉིན་མཚན,by_day_and_night,5-7
སྐད་ཅིག,སྐད་ཅིག,moment_by_moment,5-7
མི་རྟག,མི་རྟག,impermanent,5-7
མི་ཡི་ལུས,མི་ཡི་ལུས,human_body,5-7
ཡང་དག་འབྱོར་ལ,ཡང་དག་འབྱོར་ལ,Has_been_attained,5-7
དོན་ཆེན,དོན་ཆེན,great_purpose,5-7
མ་འགྲུབ་བར,མ་འགྲུབ་བར,remains_unaccomplished,5-7
བཟློག་པར་དཀའ་བ,བཟློག་པར་དཀའ་བ,so_difficult_to_turn_back,5-7
འཆི་བདག,འཆི་བདག,Lord_of_Death,5-7
ཞགས་པའི་རྒྱུན,ཞགས་པའི་རྒྱུན,continuous_noose,5-7
ཡེ་ཤེས་རལ་གྲིས,ཡེ་ཤེས་རལ་གྲིས,sword_of_wisdom,5-7
ཆོད་ཅིག,ཆོད་ཅིག,Please_sever,5-7
རྗེ་བཙུན་མ,རྗེ་བཙུན་མ,O_Jetsunma,5-7
གནས་སྐབས་སུ,གནས་སྐབས་སུ,short_term,5-8
ཡང,ཡང,Even_in_the,5-8
གདོན,གདོན,demons,5-8
རིམས,རིམས,epidemics,5-8
དུག,དུག,poisons,5-8
མཚོན,མཚོན,weapons,5-8
གློ་བུར་ཉིད་དུ,གློ་བུར་ཉིད་དུ,sudden,5-8
གཤིས་ངན,གཤིས་ངན,base_conditions,5-8
འཆི་བ,འཆི་བ,death,5-8
དང་,དང་,and,5-8
མེ,མེ,fire,5-8
ཆུ,ཆུ,water,5-8
གཅན,གཅན,beasts,5-8
སོགས,སོགས,and_so_forth,5-8
བརྒྱད,བརྒྱད,eight,5-8
དང་,དང་,and,5-8
བཅུ་དྲུག,བཅུ་དྲུག,sixteen,5-8
འཇིགས,འཇིགས,fears,5-8
ལས,ལས,from,5-8
མྱུར་ཏུ,མྱུར་ཏུ,quickly,5-8
སྐྱོབས་ཤིག,སྐྱོབས་ཤིག,Please_protect_me,5-8
རྗེ་བཙུན་མ,རྗེ་བཙུན་མ,O_Jetsunma,5-8
བདག་འཛིན་ངན,བདག་འཛིན་ངན,evil_of_self-grasping,5-9
གོམས,གོམས,habituated,5-9
སེམས་ཀྱི་རྒྱུན,སེམས་ཀྱི་རྒྱུན,stream_of_mind,5-9
ཇི་སྲིད,ཇི་སྲིད,As_long_as,5-9
དེ་སྲིད,དེ་སྲིད,For_that_long,5-9
སྡུག་བསྔལ་ཆུ་བོ,སྡུག་བསྔལ་ཆུ་བོ,river_of_suffering,5-9
རྟག,རྟག,constantly,5-9
འབབས་པས,འབབས་པས,will_flow,5-9
ཕུང་སོགས,ཕུང་སོགས,aggregates_and_so_forth,5-9
རང་བཞིན,རང་བཞིན,nature,5-9
ཡོངས་སུ་ཤེས་པ་ཡི,ཡོངས་སུ་ཤེས་པ་ཡི,regarding,5-9
རྟོགས་པའི་སྒྲོན་མེ,རྟོགས་པའི་སྒྲོན་མེ,lamp_of_realization,5-9
སྤོར་ཞིག,སྤོར་ཞིག,Please_ignite,5-9
རྗེ་བཙུན་མ,རྗེ་བཙུན་མ,O_Jetsunma,5-9
འགྲོ་རྣམས,འགྲོ་རྣམས,all_beings,5-10
མར,མར,as_my_mothers,5-10
ཤེས,ཤེས,recognize,5-10
བྱམས,བྱམས,love,5-10
དང་,དང་,and,5-10
སྙིང་བརྩེ་བ,སྙིང་བརྩེ་བ,compassion,5-10
ཚིག་ཙམ་མིན་པར,ཚིག་ཙམ་མིན་པར,Not_just_in_words,5-10
གཞན་གྱི་སྡུག་བསྔལ,གཞན་གྱི་སྡུག་བསྔལ,suffering_of_others,5-10
དང་,དང་,and,5-10
བདག་བདེ,བདག་བདེ,my_own_happiness,5-10
དངོས་སུ་བརྗེ་བའི,དངོས་སུ་བརྗེ་བའི,truly_exchanging,5-10
དཔའ་རྣམས་ཀྱི,དཔའ་རྣམས་ཀྱི,courage_of_those_who_do_this,5-10
སྙིང་སྟོབས,སྙིང་སྟོབས,courage,5-10
རླབས་ཆེན,རླབས་ཆེན,vast_and_great,5-10
སྐྱེད་ཅིག,སྐྱེད་ཅིག,please_cultivate,5-10
རྗེ་བཙུན་མ,རྗེ་བཙུན་མ,O_Jetsunma,5-10
ཚེ་རབས་ཀུན་ཏུ,ཚེ་རབས་ཀུན་ཏུ,In_all_my_lifetimes,5-11
ཕྱིན་ཅི་མ་ལོག་པའི,ཕྱིན་ཅི་མ་ལོག་པའི,not_mistaken,5-11
དགེ་བའི་བཤེས,དགེ་བའི་བཤེས,spiritual_friend,5-11
མཇལ,མཇལ,may_I_meet,5-11
དེས,དེས,through_them,5-11
བསྟན་ཆོས་ཀུན,བསྟན་ཆོས་ཀུན,all_the_teachings,5-11
རྟོགས,རྟོགས,understand,5-11
བྱང་ཆུབ་བར་དུ,བྱང་ཆུབ་བར་དུ,until_enlightenment,5-11
ཚེ,ཚེ,life,5-11
དང་,དང་,and,5-11
ཐར,ཐར,liberation,5-11
སོགས,སོགས,and_so_forth,5-11
བར་གཅོད,བར་གཅོད,that_obstruct,5-11
བདུད་དཔུང,བདུད་དཔུང,demonic_forces,5-11
གཞོམས་ཤིག,གཞོམས་ཤིག,please_destroy,5-11
རྗེ་བཙུན་མ,རྗེ་བཙུན་མ,O_Jetsunma,5-11
བློ་མིག,བློ་མིག,eye_of_wisdom,5-12
རྡུལ་བྲལ,རྡུལ་བྲལ,free_from_the_dust,5-12
ཟབ་མོའི,ཟབ་མོའི,profound,5-12
ཤེས་རབ,ཤེས་རབ,insight,5-12
ལྡན,ལྡན,Possessing,5-12
ཉོན་མོངས,ཉོན་མོངས,afflictions,5-12
བགས་ཀྱིས,བགས་ཀྱིས,gradually,5-12
ཆུང་བའི,ཆུང་བའི,diminish,5-12
ཟོ་བཟང་བས,ཟོ་བཟང་བས,excellent_conduct,5-12
བསླབ་ལ,བསླབ་ལ,for_the_training,5-12
རབ་གུས,རབ་གུས,great_respect,5-12
དྲན,དྲན,mindfulness,5-12
དང་,དང་,and,5-12
ཤེས་བཞིན་པར,ཤེས་བཞིན་པར,vigilance,5-12
བདག་རྒྱུད,བདག་རྒྱུད,my_mind-stream,5-12
ཆོས་དང་,ཆོས་དང་,with_the_Dharma,5-12
བསྲེས་ཤིག,བསྲེས་ཤིག,please_blend,5-12
རྗེ་བཙུན་མ,རྗེ་བཙུན་མ,O_Jetsunma,5-12
ནམ་ཞིག,ནམ་ཞིག,finally,5-13
ཚེ་ཡི་འཕེན་པ,ཚེ་ཡི་འཕེན་པ,momentum_of_my_life,5-13
རྫོགས་པའི་ཚེ,རྫོགས་པའི་ཚེ,when_reaches_its_end,5-13
གནད་གཅོད་མེད་པར,གནད་གཅོད་མེད་པར,Without_fear,5-13
འདུ་ཤེས་བཅུ,འདུ་ཤེས་བཅུ,ten_perceptions,5-13
རྟོགས་ནས,རྟོགས་ནས,having_realized,5-13
སྐྱེ་འགག་མཐའ་བྲལ,སྐྱེ་འགག་མཐའ་བྲལ,free_from_the_extremes_of_birth_and_cessation,5-13
དབྱིངས་སུ,དབྱིངས་སུ,basic_space,5-13
ལ་བཟླ་བའི,ལ་བཟླ་བའི,Into,5-13
འོད་གསལ,འོད་གསལ,clear_light,5-13
རང་ངོ,རང་ངོ,nature,5-13
སྤྲོད་ཅིག,སྤྲོད་ཅིག,please_introduce_me_to,5-13
རྗེ་བཙུན་མ,རྗེ་བཙུན་མ,O_Jetsunma,5-13
བར་དོ,བར་དོ,bardo,5-14
ཡུད་ཙམ,ཡུད་ཙམ,fleeting_moment,5-14
ཤར་ན,ཤར་ན,appears,5-14
ཡང,ཡང,Even_if,5-14
དག་སྣང་དཀྱིལ་འཁོར,དག་སྣང་དཀྱིལ་འཁོར,pure_mandala,5-14
སྤྲོ་བསྡུ,སྤྲོ་བསྡུ,emanation_and_reabsorption,5-14
རྫོགས,རྫོགས,be_complete,5-14
བདེ་ལྡན,བདེ་ལྡན,Great_Bliss,5-14
པདྨོ་བཀོད,པདྨོ་བཀོད,Lotus_Array,5-14
ལ,ལ,in,5-14
སོགས,སོགས,and_other_such_realms,5-14
དག་པའི་ཞིང་དུ,དག་པའི་ཞིང་དུ,to_a_pure_land,5-14
སྐྱོལ་ཞིག,སྐྱོལ་ཞིག,please_lead_me,5-14
རྗེ་བཙུན་མ,རྗེ་བཙུན་མ,O_Jetsunma,5-14
བསམ་བཞིན,བསམ་བཞིན,through_my_own_intention,5-15
སྲིད་པར་འཇུག་པ,སྲིད་པར་འཇུག་པ,taking_birth_in_existence,5-15
མ་གཏོགས་པ,མ་གཏོགས་པ,Except_for,5-15
དབང་མེད་ལས་ཀྱིས,དབང་མེད་ལས་ཀྱིས,by_the_power_of_karma,5-15
འཁོར་བར,འཁོར་བར,in_cyclic_existence,5-15
མི་འཁོར་བར,མི་འཁོར་བར,may_I_not_wander,5-15
ཚེ་འོད་མཐའ་ཡས,ཚེ་འོད་མཐའ་ཡས,Infinite_Life_and_Light,5-15
རྒྱལ་བའི,རྒྱལ་བའི,Victorious_One,5-15
ཞབས་དྲུང་དུ,ཞབས་དྲུང་དུ,In_the_presence_of,5-15
ལུང་སྟོན,ལུང་སྟོན,please_prophesy,5-15
ལམ་སྣ་དྲོངསཤིག,ལམ་སྣ་དྲོངསཤིག,my_path_and_guide_me_forward,5-15
རྗེ་བཙུན་མ,རྗེ་བཙུན་མ,O_Jetsunma,5-15
སངས་རྒྱས,སངས་རྒྱས,Buddhas,5-16
འབྱོན,འབྱོན,who_have_come,5-16
དང་,དང་,and,5-16
མ་བྱོན,མ་བྱོན,yet_to_come,5-16
རྒྱ་མཚོ,རྒྱ་མཚོ,Oceans,5-16
མཐའ་ཡས,མཐའ་ཡས,infinite,5-16
ཀུན་ཏུ,ཀུན་ཏུ,in_all_realms,5-16
དམ་ཆོས,དམ་ཆོས,holy_Dharma,5-16
སྲོག་ལྟར,སྲོག་ལྟར,as_their_life-force,5-16
བཟུང,བཟུང,Hold,5-16
བྱང་ཆུབ་སྤྱོད་མཆོག,བྱང་ཆུབ་སྤྱོད་མཆོག,supreme_conduct_of_awakening,5-16
རྫོགས་པར,རྫོགས་པར,to_perfection,5-16
སྟོན་བགྱིད་པའི,སྟོན་བགྱིད་པའི,teach,5-16
སྨོན་ལམ,སྨོན་ལམ,my_aspirations,5-16
འགྲུབ་པར,འགྲུབ་པར,be_fulfilled,5-16
མཛོད་ཅིག,མཛོད་ཅིག,please_grant,5-16
རྗེ་བཙུན་མ,རྗེ་བཙུན་མ,O_Jetsunma,5-16
ཐོག་མེད་ནས,ཐོག་མེད་ནས,since_beginningless_time,5-17
བསགས,བསགས,accumulated,5-17
སྡིག,སྡིག,misdeeds,5-17
སྒྲིབ,སྒྲིབ,obscurations,5-17
ཉེས་ལྟུང,ཉེས་ལྟུང,faults_and_downfalls,5-17
ཀུན,ཀུན,All,5-17
ལུས་རྟེན་འདི,ལུས་རྟེན་འདི,this_physical_support,5-17
ལ,ལ,within,5-17
བྱང་ཞིང,བྱང་ཞིང,purified,5-17
དག་པ,དག་པ,cleansed,5-17
དང་,དང་,and,5-17
དེ་སྲིད,དེ་སྲིད,until_that_time,5-17
ཆོས་མཐུན་དཔལ,ཆོས་མཐུན་དཔལ,glory_of_harmony_with_the_Dharma,5-17
དང་,དང་,and,5-17
འཆི་མེད་ཀྱི,འཆི་མེད་ཀྱི,deathless,5-17
ཚེ་དབང,ཚེ་དབང,life-empowerment,5-17
དངོས་གྲུབ,དངོས་གྲུབ,siddhi,5-17
སྩོལ་ཞིག,སྩོལ་ཞིག,grant,5-17
རྗེ་བཙུན་མ,རྗེ་བཙུན་མ,O_Jetsunma,5-17
རྨི་ལམ་དུ,རྨི་ལམ་དུ,in_dreams,5-18
ཡང,ཡང,Even,5-18
བྱང་ཆུབ་མཆོག་གི་སེམས,བྱང་ཆུབ་མཆོག་གི་སེམས,supreme_mind_of_awakening,5-18
མི་ཉམས,མི་ཉམས,Not_decline,5-18
བདུད་ཀྱི་ལས་ཀུན,བདུད་ཀྱི་ལས་ཀུན,all_the_works_of_Māra,5-18
ཡོངས་སྤངས,ཡོངས་སྤངས,completely_abandoned,5-18
སྒོ་གསུམ,སྒོ་གསུམ,my_three_doors,5-18
བྱ་བ་ཅི་བགྱིས,བྱ་བ་ཅི་བགྱིས,whatever_I_do,5-18
བསྟན་འགྲོ་ཡི,བསྟན་འགྲོ་ཡི,for_the_teachings_and_beings,5-18
ཕན་བདེའི,ཕན་བདེའི,benefit_and_happiness,5-18
ཟུངས་སུ,ཟུངས་སུ,source,5-18
སྤེལ་ཞིག,སྤེལ་ཞིག,spreads,5-18
རྗེ་བཙུན་མ,རྗེ་བཙུན་མ,O_Jetsunma,5-18
ཆོས་བརྒྱད,ཆོས་བརྒྱད,eight_worldly_concerns,5-19
ཚེ་འདིའི,ཚེ་འདིའི,of_this_life,5-19
རྣམ་གཡེངས,རྣམ་གཡེངས,distractions,5-19
རབ་སྤངས་ནས,རབ་སྤངས་ནས,completely_abandoned,5-19
བས་མཐའི་ནགས་སུ,བས་མཐའི་ནགས་སུ,forests_of_the_remote_wilderness,5-19
བར་གཅོད,བར་གཅོད,obstacles,5-19
མ་མཆིས་པར,མ་མཆིས་པར,without,5-19
སྒྲུབ་ལ,སྒྲུབ་ལ,the_practice,5-19
སྙིང་པོར,སྙིང་པོར,into_its_essence,5-19
དྲིལ་བས,དྲིལ་བས,condensing,5-19
ཚེ་འདི་རུ,ཚེ་འདི་རུ,in_this_very_life,5-19
མི་ལུས,མི་ལུས,human_existence,5-19
དོན་ལྡན,དོན་ལྡན,meaningful,5-19
མཛོད་ཅིག,མཛོད་ཅིག,Make,5-19
རྗེ་བཙུན་མ,རྗེ་བཙུན་མ,O_Jetsunma,5-19
བདག་གིས,བདག་གིས,I,5-20
ད་ལྟ,ད་ལྟ,currently,5-20
མྱོང་བའི,མྱོང་བའི,experiencing,5-20
དུཿཁ་འདིས,དུཿཁ་འདིས,this_suffering,5-20
འགྲོ་བ་ཀུན་གྱི,འགྲོ་བ་ཀུན་གྱི,of_all_beings,5-20
སྡུག་བསྔལ,སྡུག་བསྔལ,suffering,5-20
རྒྱུ,རྒྱུ,causes,5-20
དང་,དང་,and,5-20
འབྲས,འབྲས,effects,5-20
མྱུར་ཏུ,མྱུར་ཏུ,swiftly,5-20
ཟད་ནས,ཟད་ནས,exhausted,5-20
ཕྱིན་ཆད,ཕྱིན་ཆད,from_now_on,5-20
བདག་གཞན་ཀུན,བདག་གཞན་ཀུན,myself_and_others,5-20
བདེ་ནས,བདེ་ནས,From_happiness,5-20
བདེ་བར,བདེ་བར,to_ever-greater_happiness,5-20
ཁྲིད་ཅིག,ཁྲིད་ཅིག,lead,5-20
རྗེ་བཙུན་མ,རྗེ་བཙུན་མ,O_Jetsunma,5-20
ཕན་བདེའི་འབྱུང་གནས,ཕན་བདེའི་འབྱུང་གནས,source_of_benefit_and_happiness,5-21
རྒྱལ་བའི,རྒྱལ་བའི,of_the_Victor,5-21
བསྟན་པ,བསྟན་པ,teachings,5-21
མཆོག,མཆོག,supreme,5-21
ནུབ་མེད,ནུབ་མེད,without_ever_declining,5-21
ཕྱོགས་བཅུ,ཕྱོགས་བཅུ,ten_directions,5-21
ཀུན་ཏུ,ཀུན་ཏུ,throughout,5-21
དརཞིང,དརཞིང,spread,5-21
རྒྱས,རྒྱས,Flourish,5-21
དེ་འཛིན,དེ་འཛིན,who_uphold_them,5-21
སྐྱེས་ཆེན་དམ་པ,སྐྱེས་ཆེན་དམ་པ,sublime_great_beings,5-21
མ་ལུས་པའི,མ་ལུས་པའི,all,5-21
སྐུ་ཚེ,སྐུ་ཚེ,lives,5-21
རིང་དུ,རིང་དུ,for_a_long_time,5-21
སྲིངས་ཤིག,སྲིངས་ཤིག,Be_extended,5-21
རྗེ་བཙུན་མ,རྗེ་བཙུན་མ,O_Jetsunma,5-21
ཁྱད་པར,ཁྱད་པར,In_particular,5-22
ངེས་དོན་སྙིང་པོ,ངེས་དོན་སྙིང་པོ,essential_definitive_truth,5-22
ཟབ་མོའི་དོན,ཟབ་མོའི་དོན,profound_meaning,5-22
རྣ་བར,རྣ་བར,in_their_ears,5-22
འབབ་པའི,འབབ་པའི,settle,5-22
སྐལ་བཟང་ལྡན,སྐལ་བཟང་ལྡན,good_fortune_to_hear_it,5-22
དེ་ལ,དེ་ལ,in_this,5-22
དགའ་བའི,དགའ་བའི,who_delight,5-22
ལྷ,ལྷ,gods,5-22
ཀླུ,ཀླུ,nāgas,5-22
གནོད་སྦྱིན་ཚོགས,གནོད་སྦྱིན་ཚོགས,hosts_of_yakṣas,5-22
དབུ་འཕང,དབུ་འཕང,its_status,5-22
དགུང་དུ,དགུང་དུ,to_the_very_heights_of_heaven,5-22
བསྟོད་ཅིག,བསྟོད་ཅིག,Raise,5-22
རྗེ་བཙུན་མ,རྗེ་བཙུན་མ,O_Jetsunma,5-22
རྒྱལ་ཁམས,རྒྱལ་ཁམས,all_lands,5-23
ཀུན་ཏུ,ཀུན་ཏུ,throughout,5-23
མི་བདེའི་མིང,མི་བདེའི་མིང,name_of_unhappiness,5-23
མེད,མེད,be_absent,5-23
ཚེ,ཚེ,lifespan,5-23
བསོད,བསོད,merit,5-23
དཔལ,དཔལ,glory,5-23
རྒྱས,རྒྱས,flourish,5-23
བསྟན་ལ,བསྟན་ལ,for_the_teachings,5-23
གུས་པ,གུས་པ,reverence,5-23
སོགས,སོགས,and_so_forth,5-23
རྫོགས་ལྡན་བདེ་སྐྱིད,རྫོགས་ལྡན་བདེ་སྐྱིད,golden_age_of_happiness,5-23
ནོར་བུའི,ནོར་བུའི,jewel_of,5-23
སྤྲིན་ཆེན,སྤྲིན་ཆེན,great_clouds,5-23
ལས,ལས,From_the,5-23
འདོད་རྒུའི,འདོད་རྒུའི,of_all_that_is_desired,5-23
ཆར་པ,ཆར་པ,rain,5-23
ཕོབ་ཅིག,ཕོབ་ཅིག,Let_fall,5-23
རྗེ་བཙུན་མ,རྗེ་བཙུན་མ,O_Jetsunma,5-23
རྒྱལ་བའི་བསྟན,རྒྱལ་བའི་བསྟན,Victor's_teachings,5-24
དང་,དང་,and,5-24
སེམས་ཅན,སེམས་ཅན,sentient_beings,5-24
བདེ་སྐྱིད,བདེ་སྐྱིད,happiness,5-24
ལ,ལ,for_the_sake_of,5-24
མི,མི,humans,5-24
དང་,དང་,and,5-24
མི་མ་ཡིན,མི་མ་ཡིན,non-humans,5-24
བསམ་སྦྱོར,བསམ་སྦྱོར,thoughts_and_actions,5-24
ལོག་པར,ལོག་པར,harmful,5-24
ཞུགས་པའི,ཞུགས་པའི,engage_in,5-24
ཚང་ཚིང་ཀུན,ཚང་ཚིང་ཀུན,all_the_dense_thickets,5-24
མཐུ་སྟོབས,མཐུ་སྟོབས,your_power_and_might,5-24
མེ་ལྕེས,མེ་ལྕེས,by_the_flames,5-24
སྲེགས་ཤིག,སྲེགས་ཤིག,Be_burned,5-24
རྗེ་བཙུན་མ,རྗེ་བཙུན་མ,O_Jetsunma,5-24
མཁའ་མཉམ་མ་རྣམས,མཁའ་མཉམ་མ་རྣམས,all_mothers_vast_as_space,5-25
དུས་མིན་འཆི,དུས་མིན་འཆི,untimely_death,5-25
སོགས,སོགས,and_the_like,5-25
འཇིགས་བྲལ,འཇིགས་བྲལ,free_from_the_fears,5-25
དགེ་བཅུའི་དཔལ,དགེ་བཅུའི་དཔལ,glory_of_the_ten_virtues,5-25
ངང་གིས,ངང་གིས,naturally,5-25
སྤྱོད,སྤྱོད,enjoy,5-25
དཀོན་མཆོག,དཀོན་མཆོག,Three_Jewels',5-25
བསླབ་པའི་གཞིར,བསླབ་པའི་གཞིར,foundation_of_teachings,5-25
འགྲོགས,འགྲོགས,accompany,5-25
ཐར་པ་ཡི,ཐར་པ་ཡི,liberation's,5-25
ཁ་ལོ,ཁ་ལོ,helm,5-25
གྱེན་དུ,གྱེན་དུ,upward,5-25
སྒྱུར་ཞིག,སྒྱུར་ཞིག,steer,5-25
རྗེ་བཙུན་མ,རྗེ་བཙུན་མ,O_Jetsunma,5-25
ཁྱད་པར,ཁྱད་པར,In_particular,5-26
བདག,བདག,I,5-26
དང་,དང་,and,5-26
བདག་ལ་ལྟོས་བཅས་རྣམས,བདག་ལ་ལྟོས་བཅས་རྣམས,those_who_depend_upon_me,5-26
རྣམ་ཀུན,རྣམ་ཀུན,at_any_time,5-26
བར་ཆད,བར་ཆད,obstacles,5-26
དབང་དུ,དབང་དུ,under_the_power_of,5-26
མི་འགྲོ་བར,མི་འགྲོ་བར,Never_fall,5-26
ཚེ,ཚེ,longevity,5-26
དང་,དང་,and,5-26
སྒྲུབ་པ,སྒྲུབ་པ,practice,5-26
མཐར་ཕྱིན,མཐར་ཕྱིན,perfects,5-26
རྟག་བརྟན,རྟག་བརྟན,firm_and_enduring,5-26
སྲོག་གི,སྲོག་གི,of_life,5-26
ཀ་བ,ཀ་བ,pillar,5-26
ཚུགས་ཤིག,ཚུགས་ཤིག,be_established,5-26
རྗེ་བཙུན་མ,རྗེ་བཙུན་མ,O_Jetsunma,5-26
འདི་ཕྱི་ཀུན་ཏུ,འདི་ཕྱི་ཀུན་ཏུ,for_this_life_and_the_next,5-27
བློ་གཏད་བཅས་པའི,བློ་གཏད་བཅས་པའི,in_whom_I_have_placed_my_trust,5-27
ལྷ,ལྷ,O_Deity,5-27
དུས་གསུམ,དུས་གསུམ,of_the_three_times,5-27
རྒྱལ་བའི་ཡུམ,རྒྱལ་བའི་ཡུམ,Mother_of_the_Victors,5-27
གྱུར,གྱུར,has_become,5-27
བཅོམ་ལྡན་མས,བཅོམ་ལྡན་མས,O_Bhagavatī,5-27
སྨོན་པའི་འབྲས་བུ,སྨོན་པའི་འབྲས་བུ,fruits_of_my_prayers,5-27
གྲུབ་པར,གྲུབ་པར,to_fruition,5-27
མ་མཛད་ན,མ་མཛད་ན,if_you_do_not_bring,5-27
སྐྱབས་གཞན,སྐྱབས་གཞན,other_refuge,5-27
བདག་ལ,བདག་ལ,I_have,5-27
མེད་དོ,མེད་དོ,no,5-27
རྗེ་བཙུན་མ,རྗེ་བཙུན་མ,O_Jetsunma,5-27
ཐོག་མེད་དུས་ནས,ཐོག་མེད་དུས་ནས,since_beginningless_time,5-28
ཚོགས་གཉིས,ཚོགས་གཉིས,two_accumulations,5-28
བསྒྲུབས་པའི,བསྒྲུབས་པའི,gathered,5-28
སྟོབས,སྟོབས,By_the_power_of,5-28
བསམ་གྱིས་མི་ཁྱབ,བསམ་གྱིས་མི་ཁྱབ,inconceivable,5-28
ནམ་མཁའི་སྐུ,ནམ་མཁའི་སྐུ,body_of_space,5-28
བརྙེས་པས,བརྙེས་པས,have_attained,5-28
རྩེ་གཅིག,རྩེ་གཅིག,one-pointed,5-28
གདུང་བས,གདུང་བས,longing,5-28
གསོལ་བ་འདེབས,གསོལ་བ་འདེབས,I_pray_with,5-28
ལགས་ན,ལགས་ན,Because,5-28
བྱིན་རླབས,བྱིན་རླབས,blessings,5-28
ཐུགས་རྗེ,ཐུགས་རྗེ,compassionate,5-28
མ་ཆུང,མ་ཆུང,Do_not_diminish,5-28
རྗེ་བཙུན་མ,རྗེ་བཙུན་མ,O_Jetsunma,5-28
ཆུ་སྐྱེས,ཆུ་སྐྱེས,lotus,5-29
དབུས་ན,དབུས་ན,in_the_center_of,5-29
སྟོན་ཟླ་རྒྱས་པའི་སྐུ,སྟོན་ཟླ་རྒྱས་པའི་སྐུ,full_autumn_moon_body,5-29
རྡོ་རྗེ་བདེ་བའི,རྡོ་རྗེ་བདེ་བའི,vajra-bliss,5-29
ལང་ཚོ,ལང་ཚོ,youthful_bloom,5-29
ཤིན་ཏུ,ཤིན་ཏུ,perfectly,5-29
རྫོགས,རྫོགས,complete,5-29
དྲི་མེད,དྲི་མེད,stainless,5-29
འོད་ཀྱི་དཀྱིལ་འཁོར,འོད་ཀྱི་དཀྱིལ་འཁོར,mandala_of_light,5-29
མཐའ་ཀླས་པས,མཐའ་ཀླས་པས,infinite,5-29
ལས་བཞིའི,ལས་བཞིའི,of_the_four_rites,5-29
ཕྲིན་ལས,ཕྲིན་ལས,enlightened_activities,5-29
སྩོལ་ཞིག,སྩོལ་ཞིག,Bestow,5-29
རྗེ་བཙུན་མ,རྗེ་བཙུན་མ,O_Jetsunma,5-29
གང་ལ,གང་ལ,Through_which,5-30
རེག་པས,རེག་པས,touching_brings,5-30
ཆོས,ཆོས,Dharma,5-30
ནོར,ནོར,wealth,5-30
འདོད,འདོད,desire,5-30
དང་,དང་,and,5-30
ཐར,ཐར,liberation,5-30
བསམ་རྒུ,བསམ་རྒུ,all_wishes,5-30
འཇོ་བའི,འཇོ་བའི,fulfilling,5-30
མཆོག་སྦྱིན,མཆོག་སྦྱིན,supreme_gift,5-30
གྱི,གྱི,that_grants,5-30
ཕྱག་མཐིལ,ཕྱག་མཐིལ,palm,5-30
བསོད་ནམས,བསོད་ནམས,merits,5-30
བརྒྱ,བརྒྱ,hundred,5-30
ལས,ལས,from,5-30
གྲུབ་པ་དེས,གྲུབ་པ་དེས,formed,5-30
བདག་གི་སྤྱི་བོར,བདག་གི་སྤྱི་བོར,crown_of_my_head,5-30
བྱུགས་ཤིག,བྱུགས་ཤིག,Anoint,5-30
རྗེ་བཙུན་མ,རྗེ་བཙུན་མ,O_Jetsunma,5-30
མཐེབ་སྲིན་བར་དུ,མཐེབ་སྲིན་བར་དུ,between_the_thumb_and_ring_finger,5-31
རིན་ཆེན་སྡོང་བུའི,རིན་ཆེན་སྡོང་བུའི,precious_stem,5-31
རྩེར,རྩེར,Upon_the_tip_of,5-31
ཡིད་འོང་པདྨ,ཡིད་འོང་པདྨ,lovely_lotus,5-31
གསར་དུ,གསར་དུ,newly,5-31
བཞད་པ,བཞད་པ,blossomed,5-31
ལས,ལས,From,5-31
མཆོག་ཐུན,མཆོག་ཐུན,supreme_and_common,5-31
སྦྲང་རྩི,སྦྲང་རྩི,nectar,5-31
ཅི་ཡང,ཅི་ཡང,of_every_kind,5-31
འཇོ་བ་དེས,འཇོ་བ་དེས,pour_forth,5-31
བདག་ཡིད,བདག་ཡིད,my_mind,5-31
སིམ་པ,སིམ་པ,delight,5-31
སྐྱེད་ཅིག,སྐྱེད་ཅིག,Bring,5-31
རྗེ་བཙུན་མ,རྗེ་བཙུན་མ,O_Jetsunma,5-31
མུ་ཏིག་དྲྭ,མུ་ཏིག་དྲྭ,nets_of_pearls,5-32
གསེར་གྱི་དྲིལ་ཆུང,གསེར་གྱི་དྲིལ་ཆུང,small_golden_bells,5-32
ཅན,ཅན,Adorned_with,5-32
ལྷ་རྫས་རྒྱན,ལྷ་རྫས་རྒྱན,divine_ornaments,5-32
སོགས,སོགས,and_the_like,5-32
རོལ་སྒེག,རོལ་སྒེག,graceful_play,5-32
རྣམ་པར་འཕྲུལ,རྣམ་པར་འཕྲུལ,Displaying,5-32
འཆར་ཁའི,འཆར་ཁའི,at_dawn,5-32
གསེར་ཞུན,གསེར་ཞུན,molten_gold,5-32
གཟི་བརྗིད,གཟི་བརྗིད,majesty,5-32
འབར་བ,འབར་བ,Blazing_with,5-32
དད་པའི་མིག་སྔར,དད་པའི་མིག་སྔར,before_the_eyes_of_my_faith,5-32
སྟོན་ཅིག,སྟོན་ཅིག,Appear,5-32
རྗེ་བཙུན་མ,རྗེ་བཙུན་མ,O_Jetsunma,5-32
རབ་འབྱམས་ཞིང,རབ་འབྱམས་ཞིང,infinite_realms,5-33
ན,ན,in,5-33
ངལ་གསོ,ངལ་གསོ,rest,5-33
སྦྱིན་པའི,སྦྱིན་པའི,grant,5-33
ཕུལ,ཕུལ,Supreme_among_those_who,5-33
ཟག་མེད,ཟག་མེད,stainless,5-33
ཟླ་བ་རྒྱས་པའི,ཟླ་བ་རྒྱས་པའི,full_moon,5-33
རྒྱབ་ཡོལ་ཅན,རྒྱབ་ཡོལ་ཅན,backdrop_of,5-33
མི་ཤིགས,མི་ཤིགས,indestructible,5-33
རྡོ་རྗེའི,རྡོ་རྗེའི,vajra,5-33
སྐྱིལ་མོ་ཀྲུང་བཅས་པ,སྐྱིལ་མོ་ཀྲུང་བཅས་པ,Seated_in_the_posture,5-33
སྤྱི་གཙུག,སྤྱི་གཙུག,crown_of_my_head,5-33
རྒྱན་དུ,རྒྱན་དུ,as_the_ornament,5-33
བཞུགས་ཤིག,བཞུགས་ཤིག,Dwell_upon,5-33
རྗེ་བཙུན་མ,རྗེ་བཙུན་མ,O_Jetsunma,5-33
ཆོས,ཆོས,Dharma,5-34
གསུང,གསུང,Proclaiming,5-34
ཚངས་པའི་དབྱངས་ཀྱིས,ཚངས་པའི་དབྱངས་ཀྱིས,with_the_melody_of_Brahmā,5-34
ཟབ་པ,ཟབ་པ,profound,5-34
དང་,དང་,and,5-34
རྒྱ་ཆེ,རྒྱ་ཆེ,vast,5-34
རྒྱུན་མི་འཆད,རྒྱུན་མི་འཆད,uninterrupted_continuity,5-34
སྟོན,སྟོན,teaching,5-34
སྒྲིབ་གསུམ,སྒྲིབ་གསུམ,three_obscurations,5-34
དྲྭ་བ,དྲྭ་བ,webs,5-34
ཀུན,ཀུན,all,5-34
བཅད,བཅད,Sever,5-34
བྱང་ཆུབ་ཀྱི,བྱང་ཆུབ་ཀྱི,of_enlightenment,5-34
རྒྱལ་སར,རྒྱལ་སར,throne_of,5-34
དབུགས་དབྱུང,དབུགས་དབྱུང,relief,5-34
སྩོལ་ཞིག,སྩོལ་ཞིག,grant,5-34
རྗེ་བཙུན་མ,རྗེ་བཙུན་མ,O_Jetsunma,5-34
མདོར་ན,མདོར་ན,In_short,5-35
སྐྱབས་ཀྱི་སྙིང་པོ,སྐྱབས་ཀྱི་སྙིང་པོ,essence_of_refuge,5-35
ཁྱོད,ཁྱོད,you,5-35
ཡིན་པས,ཡིན་པས,since_are,5-35
བྱང་ཆུབ,བྱང་ཆུབ,enlightenment,5-35
མ་ཐོབ་བར་དུ,མ་ཐོབ་བར་དུ,Until_I_attain,5-35
རྟག་པར,རྟག་པར,always,5-35
བར་གཅོད་བདུད་ཀྱི,བར་གཅོད་བདུད་ཀྱི,of_obstructing_demons,5-35
དབང་དུ,དབང་དུ,under_the_power,5-35
མི་བཏང་བར,མི་བཏང་བར,Do_not_let_me_fall,5-35
དོན་གཉིས,དོན་གཉིས,twofold_benefit,5-35
མཐའ་རུ་ཕྱིན་པའི,མཐའ་རུ་ཕྱིན་པའི,to_perfect,5-35
བཀའ་དྲིན,བཀའ་དྲིན,grace,5-35
སྩོལ,སྩོལ,grant,5-35
ཨོཾ་གྱིས,ཨོཾ་གྱིས,with_Oṃ,6-2
ཐར,ཐར,liberation,6-2
དང་,དང་,and,6-2
འདོད་རྒུའི་ནོར,འདོད་རྒུའི་ནོར,wealth_of_all_desired,6-2
སྟེར,སྟེར,bestow,6-2
དཔལ,དཔལ,splendor,6-2
དང་,དང་,and,6-2
གཡང་སོགས,གཡང་སོགས,prosperity_and_the_like,6-2
སྐལ་པ་བཟང་པོས,སྐལ་པ་བཟང་པོས,through_good_fortune,6-2
སྲིད་ཞིར,སྲིད་ཞིར,cyclic_existence_and_peace,6-2
སྨན་མཛད,སྨན་མཛད,benefit,6-2
གསང་བ་གསུམ་བདག,གསང་བ་གསུམ་བདག,sovereign_of_three_secrets,6-2
མཆོག་སྦྱིན,མཆོག་སྦྱིན,supreme_giver,6-2
འཕགས་མ,འཕགས་མ,noble,6-2
ཡུམ,ཡུམ,Mother,6-2
ལ,ལ,to,6-2
འདུད་དོ,འདུད་དོ,I_prostrate,6-2
ཏཱ་རེ,ཏཱ་རེ,Tāre,6-3
ཐུགས་བསྐྱེད,ཐུགས་བསྐྱེད,bodhicitta,6-3
རིན་ཆེན་གྲུ་བོས,རིན་ཆེན་གྲུ་བོས,with_precious_vessel,6-3
འཁོར་བ,འཁོར་བ,cyclic_existence,6-3
ངན་སོང,ངན་སོང,lower_realms,6-3
སྡུག་བསྔལ་མཚོ,སྡུག་བསྔལ་མཚོ,ocean_of_suffering,6-3
ལས,ལས,from,6-3
མཁའ་མཉམ,མཁའ་མཉམ,vast_as_space,6-3
ཡིད་ཅན,ཡིད་ཅན,sentient_beings,6-3
རྟག་ཏུ,རྟག་ཏུ,constantly,6-3
སྒྲོལ་བའི,སྒྲོལ་བའི,liberate,6-3
རྗེ་བཙུན་སྒྲོལ་མ,རྗེ་བཙུན་སྒྲོལ་མ,Jetsunma_Drolma,6-3
ཡུམ,ཡུམ,Mother,6-3
ལ,ལ,to,6-3
འདུད་དོ,འདུད་དོ,I_prostrate,6-3
ཏུཏྟཱ་རེ་ཞེས,ཏུཏྟཱ་རེ་ཞེས,Tuttāre,6-4
བྱིན་རླབས,བྱིན་རླབས,blessings,6-4
བདུད་རྩིས,བདུད་རྩིས,nectar,6-4
འཇིགས་བཅས,འཇིགས་བཅས,fears,6-4
རྒུད་པའི,རྒུད་པའི,of_decline,6-4
ཚ་གདུང,ཚ་གདུང,tormenting_heat,6-4
བསལ་ནས,བསལ་ནས,dispel,6-4
ཕན་བདེའི་པདྨོ,ཕན་བདེའི་པདྨོ,lotus_of_benefit_and_happiness,6-4
རྒྱས་པར,རྒྱས་པར,to_bloom,6-4
མཛད་པའི,མཛད་པའི,cause,6-4
གདུང་བ་སྐྱོབ་མ,གདུང་བ་སྐྱོབ་མ,Protectress_from_Distress,6-4
ཡུམ,ཡུམ,Mother,6-4
ལ,ལ,to,6-4
འདུད་དོ,འདུད་དོ,I_prostrate,6-4
ཏུ་རེ,ཏུ་རེ,Ture,6-5
ཁྱོད་ཞབས,ཁྱོད་ཞབས,your_feet,6-5
དྲན་པའི,དྲན་པའི,of_remembering,6-5
མོད་ནས,མོད་ནས,the_moment,6-5
གང་འདུལ,གང་འདུལ,to_tame_beings_as_needed,6-5
མཚན་དང་སྐུ་ཡི,མཚན་དང་སྐུ་ཡི,of_names_and_forms,6-5
བཀོད་པས,བཀོད་པས,through_display,6-5
བདག་ལྟའི,བདག་ལྟའི,of_view_of_self,6-5
ཕོངས་པ,ཕོངས་པ,misfortunes,6-5
ཀུན་ལས,ཀུན་ལས,from_all,6-5
སྲུང་བའི,སྲུང་བའི,protect,6-5
ཐུགས་རྗེ་མྱུར་མ,ཐུགས་རྗེ་མྱུར་མ,Swift_and_Compassionate_One,6-5
ཡུམ,ཡུམ,Mother,6-5
ལ,ལ,to,6-5
འདུད་དོ,འདུད་དོ,I_prostrate,6-5
སྭཱ་ཧཱ,སྭཱ་ཧཱ,Svāhā,6-6
ཕྲིན་ལས་རྫོགས་ལྡན,ཕྲིན་ལས་རྫོགས་ལྡན,of_perfect_age_of_enlightened_activity,6-6
སྤྲིན་གྱིས,སྤྲིན་གྱིས,with_clouds,6-6
དགེ་ལེགས་ནོར་བུའི,དགེ་ལེགས་ནོར་བུའི,of_jewels_of_virtue_and_excellence,6-6
གྲུ་ཆར,གྲུ་ཆར,rain,6-6
འབེབས་པས,འབེབས་པས,let_fall,6-6
ཁམས་གསུམ་འགྲོ་ཀུན,ཁམས་གསུམ་འགྲོ་ཀུན,to_all_beings_of_three_realms,6-6
དབུགས་འབྱིན,དབུགས་འབྱིན,relief,6-6
སྩོལ་བའི,སྩོལ་བའི,granting,6-6
ཡིད་བཞིན་འཁོར་ལོ,ཡིད་བཞིན་འཁོར་ལོ,Wish-Fulfilling_Wheel,6-6
ཡུམ,ཡུམ,Mother,6-6
ལ,ལ,to,6-6
འདུད་དོ,འདུད་དོ,I_prostrate,6-6
མདོར་ན,མདོར་ན,in_brief,6-7
སྲས་བཅས་རྒྱལ་བ,སྲས་བཅས་རྒྱལ་བ,Victors_and_their_heirs,6-7
ཡོངས་ཀྱི,ཡོངས་ཀྱི,of_all,6-7
ཡེ་ཤེས,ཡེ་ཤེས,wisdom,6-7
གཅིག་བསྡུས,གཅིག་བསྡུས,single_embodiment,6-7
འཕགས་མ,འཕགས་མ,Noble_Lady,6-7
ཁྱོད་ལ,ཁྱོད་ལ,to_you,6-7
སྙིང་ནས,སྙིང་ནས,from_the_heart,6-7
གུས་པས,གུས་པས,with_devotion,6-7
གསོལ་བ་འདེབས་སོ,གསོལ་བ་འདེབས་སོ,I_pray,6-7
བྱང་ཆུབ་བར་དུ,བྱང་ཆུབ་བར་དུ,until_enlightenment,6-7
རྗེས་སུ་ཟུངས་ཤིག,རྗེས་སུ་ཟུངས་ཤིག,hold_me_in_your_care,6-7
དམ་ཆོས་སྒྲུབ་པའི,དམ་ཆོས་སྒྲུབ་པའི,for_practicing_sublime_Dharma,6-8
འགལ་རྐྱེན,འགལ་རྐྱེན,adverse_conditions,6-8
ཞི་ཞིང,ཞི་ཞིང,pacify,6-8
ཚེ,ཚེ,lifespan,6-8
བསོད,བསོད,merit,6-8
དཔལ་འབྱོར,དཔལ་འབྱོར,prosperity,6-8
རིག་དང,རིག་དང,intelligence_and,6-8
བརྩེ་བའི,བརྩེ་བའི,compassion,6-8
མཐུན་རྐྱེན་མ་ལུས,མཐུན་རྐྱེན་མ་ལུས,all_favorable_conditions,6-8
ཕུན་སུམ་ཚོགས་པས,ཕུན་སུམ་ཚོགས་པས,with_perfect_abundance,6-8
དོན་གཉིས,དོན་གཉིས,two_benefits,6-8
འགྲུབ་པར,འགྲུབ་པར,to_be_accomplished,6-8
བྱིན་གྱིས་རློབས་ཤིག,བྱིན་གྱིས་རློབས་ཤིག,grant_your_blessings,6-8
ན་མོ་ཨཱརྻ་ཏཱ་ར་ཡེ,ན་མོ་ཨཱརྻ་ཏཱ་ར་ཡེ,Namo_Ārya_Tārāye,7-1
གང་གི་ཐུགས་རྗེ,གང་གི་ཐུགས་རྗེ,your_compassion,7-2
རྡུལ་བྲལ,རྡུལ་བྲལ,stainless,7-2
རིན་ཆེན་གྲུས,རིན་ཆེན་གྲུས,with_precious_vessel,7-2
སྲིད་དང་ཞི་བའི,སྲིད་དང་ཞི་བའི,of_existence_and_peace,7-2
ཆུ་གཏེར,ཆུ་གཏེར,ocean,7-2
ལས,ལས,from,7-2
བསྒྲལ་ནས,བསྒྲལ་ནས,rescue,7-2
བྱང་ཆུབ་སྙིང་པོའི་གྲོང་དུ,བྱང་ཆུབ་སྙིང་པོའི་གྲོང་དུ,in_city_of_heart_of_enlightenment,7-2
དབུགས་འབྱིན་པའི,དབུགས་འབྱིན་པའི,grant_relief,7-2
འཕགས་མ,འཕགས་མ,Noble_Lady,7-2
ཡིད་བཞིན་འཁོར་ལོར,ཡིད་བཞིན་འཁོར་ལོར,Wish-Fulfilling_Wheel,7-2
ཕྱག་འཚལ་ལོ,ཕྱག་འཚལ་ལོ,I_prostrate,7-2
ཚོགས་ཟུང་རྒྱ་མཚོ,ཚོགས་ཟུང་རྒྱ་མཚོ,ocean_of_two_accumulations,7-3
བསྲུབས་པའི,བསྲུབས་པའི,churned,7-3
སྙིང་པོའི་ཕུལ,སྙིང་པོའི་ཕུལ,supreme_essence,7-3
མཚན་དཔེའི་ཟླ་སྣང,མཚན་དཔེའི་ཟླ་སྣང,moon-like_form_of_marks_and_signs,7-3
ཡིད་ལ,ཡིད་ལ,in_the_mind,7-3
ཤར་ཙམ་གྱིས,ཤར་ཙམ་གྱིས,by_mere_arising,7-3
ཚེ་དང་ཡེ་ཤེས,ཚེ་དང་ཡེ་ཤེས,longevity_and_primordial_wisdom,7-3
ངལ་འཚོ,ངལ་འཚོ,respite,7-3
སྟེར་མཛད་པའི,སྟེར་མཛད་པའི,grant,7-3
འཕགས་མ,འཕགས་མ,Noble_Lady,7-3
ཡིད་བཞིན་འཁོར་ལོར,ཡིད་བཞིན་འཁོར་ལོར,Wish-Fulfilling_Wheel,7-3
ཕྱག་འཚལ་ལོ,ཕྱག་འཚལ་ལོ,I_prostrate,7-3
གསུང་གསང,གསུང་གསང,your_secret_speech,7-4
བཻ་ཌཱུར་རྒྱུད་མང,བཻ་ཌཱུར་རྒྱུད་མང,lapis_lazuli_lute,7-4
གཅིག་པུ་ལས,གཅིག་པུ་ལས,from_the_singular,7-4
དབྱངས་ཀྱི་ཡན་ལག,དབྱངས་ཀྱི་ཡན་ལག,melodic_branches,7-4
རྒྱ་མཚོའི,རྒྱ་མཚོའི,ocean_of,7-4
རོལ་མོ་ནི,རོལ་མོ་ནི,like_music,7-4
ཆོས་ཕུང་བྱེ་བའི,ཆོས་ཕུང་བྱེ་བའི,of_ten_million_Dharma-heaps,7-4
གདངས་སུ,གདངས་སུ,as_radiance,7-4
ཡོངས་ཤར་བ,ཡོངས་ཤར་བ,arises_fully,7-4
འཕགས་མ,འཕགས་མ,Noble_Lady,7-4
ཡིད་བཞིན་འཁོར་ལོར,ཡིད་བཞིན་འཁོར་ལོར,Wish-Fulfilling_Wheel,7-4
ཕྱག་འཚལ་ལོ,ཕྱག་འཚལ་ལོ,I_prostrate,7-4
གང་ཐུགས,གང་ཐུགས,your_heart-mind,7-5
གཉིས་སུ་མེད་པའི,གཉིས་སུ་མེད་པའི,non-dual,7-5
ཡེ་ཤེས་དབྱིངས,ཡེ་ཤེས་དབྱིངས,expanse_of_primordial_wisdom,7-5
གཟུང་འཛིན་སྤྲོས་པའི,གཟུང་འཛིན་སྤྲོས་པའི,of_conceptual_elaborations,7-5
འཇུག་ལྡང,འཇུག་ལྡང,engagement_and_emergence,7-5
བརྟུལ་གྱུར་ཀྱང,བརྟུལ་གྱུར་ཀྱང,though_withdrawn,7-5
རིག་དང་བརྩེ་བའི,རིག་དང་བརྩེ་བའི,of_awareness_and_love,7-5
གཟི་བརྗིད,གཟི་བརྗིད,splendor,7-5
མཐའ་ཡས་པ,མཐའ་ཡས་པ,boundless,7-5
འཕགས་མ,འཕགས་མ,Noble_Lady,7-5
ཡིད་བཞིན་འཁོར་ལོར,ཡིད་བཞིན་འཁོར་ལོར,Wish-Fulfilling_Wheel,7-5
ཕྱག་འཚལ་ལོ,ཕྱག་འཚལ་ལོ,I_prostrate,7-5
བྲལ་དང,བྲལ་དང,abandonment_and,7-6
རྣམ་པར་སྨིན་པ,རྣམ་པར་སྨིན་པ,full_maturation,7-6
མི་ཟད་པའི,མི་ཟད་པའི,inexhaustible,7-6
ཡོན་ཏན་དྲུག་ཅུ་རྩ་བཞིའི,ཡོན་ཏན་དྲུག་ཅུ་རྩ་བཞིའི,of_sixty-four_qualities,7-6
སྒེག,སྒེག,grace,7-6
འཆང་བས,འཆང་བས,possessing,7-6
སྲས་བཅས་རྒྱལ་ཀུན,སྲས་བཅས་རྒྱལ་ཀུན,all_Victors_and_heirs,7-6
བརྟན་པ་འཕྲོག་པའི,བརྟན་པ་འཕྲོག་པའི,who_captivates,7-6
ཡུམ,ཡུམ,Mother,7-6
འཕགས་མ,འཕགས་མ,Noble_Lady,7-6
ཡིད་བཞིན་འཁོར་ལོར,ཡིད་བཞིན་འཁོར་ལོར,Wish-Fulfilling_Wheel,7-6
ཕྱག་འཚལ་ལོ,ཕྱག་འཚལ་ལོ,I_prostrate,7-6
རྒྱུན་གྱིས་རྟག་ཅིང,རྒྱུན་གྱིས་རྟག་ཅིང,constant_in_continuity,7-7
མཁའ་མཐར,མཁའ་མཐར,like_space,7-7
ཁྱབ་པ་དང,ཁྱབ་པ་དང,all-pervading_and,7-7
ལྷུན་གྲུབ,ལྷུན་གྲུབ,spontaneously_accomplished,7-7
འདུ་མི་མཛད་པའི,འདུ་མི་མཛད་པའི,effortless,7-7
ཕྲིན་ལས་ཀྱིས,ཕྲིན་ལས་ཀྱིས,through_enlightened_activity,7-7
གདུལ་བྱའི་རེ་བ,གདུལ་བྱའི་རེ་བ,hopes_of_those_to_be_trained,7-7
སྐོང་མཛད,སྐོང་མཛད,fulfill,7-7
དཔག་བསམ་དབང,དཔག་བསམ་དབང,Lord_of_Wish-Fulfilling_Tree,7-7
འཕགས་མ,འཕགས་མ,Noble_Lady,7-7
ཡིད་བཞིན་འཁོར་ལོར,ཡིད་བཞིན་འཁོར་ལོར,Wish-Fulfilling_Wheel,7-7
ཕྱག་འཚལ་ལོ,ཕྱག་འཚལ་ལོ,I_prostrate,7-7
མདོར་ན,མདོར་ན,in_short,7-8
སྟོབས་བཅུ་མངའ་བ,སྟོབས་བཅུ་མངའ་བ,possessing_ten_powers,7-8
ཐམས་ཅད་ཀྱི,ཐམས་ཅད་ཀྱི,of_all,7-8
ཐུགས་བསྐྱེད་དམ་བཅའ,ཐུགས་བསྐྱེད་དམ་བཅའ,compassionate_resolve_and_sacred_vows,7-8
ཡོངས་སུ་རྫོགས་པའི,ཡོངས་སུ་རྫོགས་པའི,fully_perfecting,7-8
ཕྱིར,ཕྱིར,for_the_sake_of,7-8
འགྲོ་འདུལ་མཛད་པ,འགྲོ་འདུལ་མཛད་པ,deeds_to_tame_beings,7-8
བསམ་གྱིས་མི་ཁྱབ་པའི,བསམ་གྱིས་མི་ཁྱབ་པའི,inconceivable,7-8
འཕགས་མ,འཕགས་མ,Noble_Lady,7-8
ཡིད་བཞིན་འཁོར་ལོར,ཡིད་བཞིན་འཁོར་ལོར,Wish-Fulfilling_Wheel,7-8
ཕྱག་འཚལ་ལོ,ཕྱག་འཚལ་ལོ,I_prostrate,7-8
དེ་ལྟར,དེ་ལྟར,thus,7-9
གུས་པས,གུས་པས,with_devotion,7-9
ཕྱག་འཚལ,ཕྱག་འཚལ,I_prostrate,7-9
གསོལ་འདེབས་ན,གསོལ་འདེབས་ན,and_make_this_supplication,7-9
ཡེ་ཤེས་གཟིགས་པའི,ཡེ་ཤེས་གཟིགས་པའི,of_your_wisdom-vision,7-9
རྫོགས་ལྡན,རྫོགས་ལྡན,perfect_and_complete,7-9
སྤྲིན་ཆེན་ལས,སྤྲིན་ཆེན་ལས,from_great_clouds,7-9
དངོས་གྲུབ་འདོད་རྒུའི,དངོས་གྲུབ་འདོད་རྒུའི,of_desired_accomplishments,7-9
གྲུ་ཆར,གྲུ་ཆར,rain,7-9
རབ་གཡོ་བས,རབ་གཡོ་བས,let_fall,7-9
ཕན་བདེའི་དགའ་སྟོན,ཕན་བདེའི་དགའ་སྟོན,festival_of_benefit_and_happiness,7-9
རྒྱས་པར,རྒྱས་པར,to_flourish,7-9
བྱིན་གྱིས་རློབས,བྱིན་གྱིས་རློབས,grant_your_blessings,7-9
ན་མསྟཱ་ར་ཡེ,ན་མསྟཱ་ར་ཡེ,Homage_to_Tārā,8-1
ཁྱོད་མཚན,ཁྱོད་མཚན,your_name,8-2
ཐོས་པ་ཙམ་གྱིས་ཀྱང,ཐོས་པ་ཙམ་གྱིས་ཀྱང,merely_by_hearing,8-2
འགྲོ་རྣམས,འགྲོ་རྣམས,beings,8-2
འཁོར་མཚོ,འཁོར་མཚོ,ocean_of_cyclic_existence,8-2
ལས,ལས,from,8-2
སྒྲོལ་བའི,སྒྲོལ་བའི,liberates,8-2
ངོ་མཚར་ཁོ་ནར,ངོ་མཚར་ཁོ་ནར,by_this_wonder_alone,8-2
ཡིད་ཆགས་པས,ཡིད་ཆགས་པས,my_mind_is_captivated,8-2
རྩེ་གཅིག་གུས་པས,རྩེ་གཅིག་གུས་པས,with_single-pointed_devotion,8-2
གསོལ་འདེབས་ན,གསོལ་འདེབས་ན,I_pray_to_you,8-2
རབ་མཛེས,རབ་མཛེས,most_beautiful,8-3
མརྒད,མརྒད,emerald,8-3
བྱེ་བའི་རྡུལ,བྱེ་བའི་རྡུལ,millions_of_particles,8-3
གཅིག་ཏུ་སྤུངས་པའི,གཅིག་ཏུ་སྤུངས་པའི,gathered_into_one,8-3
དགེ་མཚན་ཅན,དགེ་མཚན་ཅན,possessing_auspicious_signs,8-3
མཛེས་སྐུ,མཛེས་སྐུ,your_beautiful_form,8-3
བདག་གི་མིག་ལམ་དུ,བདག་གི་མིག་ལམ་དུ,before_my_eyes,8-3
ཞི་འཛུམ་ཉམས་བརྒྱས,ཞི་འཛུམ་ཉམས་བརྒྱས,with_hundred_moods_of_peaceful_smiles,8-3
རོལ་པར་མཛོད,རོལ་པར་མཛོད,may_it_play,8-3
འཇིག་རྟེན,འཇིག་རྟེན,mundane,8-4
འཇིག་རྟེན་འདས་པ་ཡི,འཇིག་རྟེན་འདས་པ་ཡི,and_supramundane,8-4
དངོས་གྲུབ་རིན་ཆེན,དངོས་གྲུབ་རིན་ཆེན,precious_accomplishments,8-4
རྒྱ་མཚོའི་དབྱིག,རྒྱ་མཚོའི་དབྱིག,ocean's_treasure,8-4
རིག་པའི་གསང་སྔགས,རིག་པའི་གསང་སྔགས,secret_vidyā-mantra,8-4
གྲུབ་པ་ལས,གྲུབ་པ་ལས,through_attainment,8-4
ས་གསུམ,ས་གསུམ,three_worlds,8-4
ཕན་བདེ,ཕན་བདེ,benefit_and_happiness,8-4
སྦྱིན་གྱུར་ཅིག,སྦྱིན་གྱུར་ཅིག,may_you_bestow,8-4
ཟབ་ཅིང,ཟབ་ཅིང,profound_and,8-5
མཆོག་ཏུ་ཞི་བའི,མཆོག་ཏུ་ཞི་བའི,supremely_peaceful,8-5
དབྱིངས,དབྱིངས,expanse,8-5
ཕྱོགས་དང་ཆ་ལས,ཕྱོགས་དང་ཆ་ལས,from_directions_and_partiality,8-5
རྣམ་གྲོལ་བས,རྣམ་གྲོལ་བས,completely_free,8-5
བྱིན་གྱིས་བརླབས་པའི,བྱིན་གྱིས་བརླབས་པའི,of_your_blessing,8-5
སྐད་ཅིག་ལ,སྐད་ཅིག་ལ,in_the_moment,8-5
གཟུང་འཛིན,གཟུང་འཛིན,subject_and_object,8-5
དབུ་མར,དབུ་མར,into_central_channel,8-5
ཐིམ་མཛད་གསོལ,ཐིམ་མཛད་གསོལ,please_cause_to_dissolve,8-5
ཁྱད་པར,ཁྱད་པར,especially,8-6
སྙིགས་ལས་ཆེར་སྙིགས་པའི,སྙིགས་ལས་ཆེར་སྙིགས་པའི,most_degenerate_of_degenerate,8-6
དུས་ཀྱི་རྒུད་པས,དུས་ཀྱི་རྒུད་པས,by_decay_of_these_times,8-6
རབ་སྐྲག་རྣམས,རབ་སྐྲག་རྣམས,those_terrified,8-6
ཉིན་མཚན་མེད་པར,ཉིན་མཚན་མེད་པར,day_and_night,8-6
རྒྱལ་བའི་ཡུམ,རྒྱལ་བའི་ཡུམ,Mother_of_Victors,8-6
ཁྱོད་ལས,ཁྱོད་ལས,other_than_you,8-6
སྐྱབས་གཞན,སྐྱབས་གཞན,other_refuge,8-6
སེམས་པ་བྲལ,སེམས་པ་བྲལ,no_thought_of,8-6
དེ་སླད,དེ་སླད,therefore,8-7
ཐུགས་རྗེའི་ཕྱག,ཐུགས་རྗེའི་ཕྱག,your_hand_of_compassion,8-7
བརྐྱངས་ནས,བརྐྱངས་ནས,reaching_out,8-7
འཇིགས་པ་མཐའ་དག,འཇིགས་པ་མཐའ་དག,every_fear,8-7
བསལ་བ་དང,བསལ་བ་དང,dispel_and,8-7
ཀུན་དགའི་གནས་སུ,ཀུན་དགའི་གནས་སུ,in_state_of_supreme_bliss,8-7
དབུགས་དབྱུང་བའི,དབུགས་དབྱུང་བའི,grant_relief,8-7
སྐལ་པ་བཟང་པོ,སྐལ་པ་བཟང་པོ,good_fortune,8-7
གྲུབ་པར་མཛོད,གྲུབ་པར་མཛོད,grant_the_accomplishment,8-7
སླར་ལ,སླར་ལ,furthermore,8-8
གནས་སྐབས,གནས་སྐབས,for_the_time_being,8-8
སྡེ་བཞི་ཡི,སྡེ་བཞི་ཡི,of_the_fourfold,8-8
ཡོན་ཏན་མེ་ཏོག,ཡོན་ཏན་མེ་ཏོག,flowers_of_perfections,8-8
མཛེས་འབར་བར,མཛེས་འབར་བར,bloom_in_beauty,8-8
མཐར་ཐུག,མཐར་ཐུག,ultimately,8-8
སྐུ་གསུམ་མི་ཕྱེད་པའི,སྐུ་གསུམ་མི་ཕྱེད་པའི,of_indivisible_three_kāyas,8-8
ཟུང་འཇུག,ཟུང་འཇུག,union,8-8
སྙེ་མ་དུད་མཛད་གསོལ,སྙེ་མ་དུད་མཛད་གསོལ,please_grant_the_ripening_fruit,8-8
མདོར་ན,མདོར་ན,in_short,8-9
འདི་ནས་བྱང་ཆུབ་བར,འདི་ནས་བྱང་ཆུབ་བར,from_now_until_enlightenment,8-9
འཕགས་མ,འཕགས་མ,Noble_Lady,8-9
དགྱེས་པའི་སྤྱན་ཟུར་དང,དགྱེས་པའི་སྤྱན་ཟུར་དང,joyful_sidelong_glance,8-9
ནམ་ཡང་མི་འབྲལ,ནམ་ཡང་མི་འབྲལ,never_being_parted,8-9
འགྲོགས་པ་ལས,འགྲོགས་པ་ལས,being_accompanied,8-9
འདོད་དགུའི,འདོད་དགུའི,desired,8-9
རེ་ཁཱ,རེ་ཁཱ,excellence,8-9
རྫོགས་གྱུར་ཅིག,རྫོགས་གྱུར་ཅིག,may_be_perfectly_realized,8-9
བླ་མ,བླ་མ,gurus,9-1
དང་,དང་,and,9-1
སངས་རྒྱས,སངས་རྒྱས,buddhas,9-1
བྱང་ཆུབ་སེམས་དཔའ,བྱང་ཆུབ་སེམས་དཔའ,bodhisattvas,9-1
ཐམས་ཅད་ལ,ཐམས་ཅད་ལ,to_all,9-1
ཕྱག་འཚལ་ལོ,ཕྱག་འཚལ་ལོ,homage,9-1
བསྐལ་བཟང་སངས་རྒྱས་སྟོང་ལས,བསྐལ་བཟང་སངས་རྒྱས་སྟོང་ལས,than_thousand_buddhas_of_fortunate_aeon,9-2
ཁྱད་པར་དུ,ཁྱད་པར་དུ,more_distinguished,9-2
ངོ་མཚར,ངོ་མཚར,wondrous,9-2
ཨུ་དུམ་ཝཱ་ར་ལྟར,ཨུ་དུམ་ཝཱ་ར་ལྟར,like_udumbara_flower,9-2
འཕགས་ཤིང,འཕགས་ཤིང,noble,9-2
རྩོད་པའི་དུས་འདིར,རྩོད་པའི་དུས་འདིར,during_this_age_of_strife,9-2
ཞིང་ཁམས་ཡོངས,ཞིང་ཁམས་ཡོངས,this_whole_realm,9-2
བཟུང་བ,བཟུང་བ,took_hold_of,9-2
ཐུབ་མཆོག,ཐུབ་མཆོག,Supreme_Sage,9-2
དོན་ཀུན་གྲུབ་ལ,དོན་ཀུན་གྲུབ་ལ,to_Fulfiller_of_All_Aims,9-2
ཕྱག་འཚལ་ལོ,ཕྱག་འཚལ་ལོ,homage,9-2
ཕྱོགས་བཅུའི་སངས་རྒྱས,ཕྱོགས་བཅུའི་སངས་རྒྱས,buddhas_of_ten_directions,9-3
བྱང་སེམས,བྱང་སེམས,bodhisattvas,9-3
ཉན་རང་དང,ཉན་རང་དང,śrāvakas_and_pratyekabuddhas,9-3
འཇམ་དབྱངས,འཇམ་དབྱངས,Mañjuśrī,9-3
སྤྱན་གཟིགས,སྤྱན་གཟིགས,Avalokiteśvara,9-3
ཕྱག་ན་རྡོ་རྗེ་འཛིན,ཕྱག་ན་རྡོ་རྗེ་འཛིན,Holder_of_Vajra,9-3
བྱམས་པ་ལ་སོགས,བྱམས་པ་ལ་སོགས,Maitreya_and_the_rest,9-3
བྱང་ཆུབ་སེམས་དཔའ་དང,བྱང་ཆུབ་སེམས་དཔའ་དང,bodhisattvas,9-3
གནས་བརྟན་བཅུ་དྲུག,གནས་བརྟན་བཅུ་དྲུག,sixteen_elders,9-3
གཏད་རབས་ཆེན་པོ་བདུན,གཏད་རབས་ཆེན་པོ་བདུན,seven_great_successors,9-3
ཛམ་གླིང་རྒྱན་མཆོག,ཛམ་གླིང་རྒྱན་མཆོག,supreme_ornaments_of_Jambudvīpa,9-4
རྨད་བྱུང་སློབ་དཔོན་ཆེ,རྨད་བྱུང་སློབ་དཔོན་ཆེ,wondrous_great_masters,9-4
རྣལ་འབྱོར་དབང་ཕྱུག,རྣལ་འབྱོར་དབང་ཕྱུག,lords_of_yoga,9-4
བརྒྱད་ཅུ་རྩ་བཞི་སོགས,བརྒྱད་ཅུ་རྩ་བཞི་སོགས,eighty-four_and_the_rest,9-4
ཁྱད་པར,ཁྱད་པར,especially,9-4
བཀའ་དྲིན་མཉམ་མེད,བཀའ་དྲིན་མཉམ་མེད,incomparably_kind,9-4
པདྨ་འབྱུང,པདྨ་འབྱུང,Padmasambhava,9-4
ཞི་འཚོ,ཞི་འཚོ,Śāntarakṣita,9-4
ཁྲི་སྲོང,ཁྲི་སྲོང,Trisong_Detsen,9-4
བཻ་རོ,བཻ་རོ,Vairotsana,9-4
ཨ་ཏི་ཤ,ཨ་ཏི་ཤ,Atiśa,9-4
གོང་མ་རྣམ་ལྔ,གོང་མ་རྣམ་ལྔ,five_Sakya_patriarchs,9-5
མར་མི,མར་མི,Marpa_and_Milarepa,9-5
དྭགས་པོ་རྗེ,དྭགས་པོ་རྗེ,Gampopa,9-5
འཇམ་དབྱངས་བླ་མ་ལ་སོགས,འཇམ་དབྱངས་བླ་མ་ལ་སོགས,Mañjughoṣa_Lama_and_the_rest,9-5
རྒྱ་བོད་ཀྱི,རྒྱ་བོད་ཀྱི,of_India_and_Tibet,9-5
མཁས་དང་གྲུབ་པའི,མཁས་དང་གྲུབ་པའི,learned_and_accomplished,9-5
རིག་འཛིན་ཚོགས་རྣམས་དང,རིག་འཛིན་ཚོགས་རྣམས་དང,assemblies_of_vidyādharas,9-5
ཡི་དམ་ཞི་ཁྲོ,ཡི་དམ་ཞི་ཁྲོ,peaceful_and_wrathful_yidams,9-5
མཁའ་འགྲོ,མཁའ་འགྲོ,ḍākinīs,9-5
ཆོས་སྐྱོང་སོགས,ཆོས་སྐྱོང་སོགས,dharma_protectors_and_so_forth,9-5
ཐུགས་དམ,ཐུགས་དམ,sacred_commitment,9-5
གནད་ནས་བསྐུལ་ལོ,གནད་ནས་བསྐུལ་ལོ,I_invoke_from_the_depths,9-5
ཐུགས་རྗེས་དགོངས,ཐུགས་རྗེས་དགོངས,look_upon_us_with_compassion,9-5
ཐུབ་བསྟན,ཐུབ་བསྟན,Buddha's_teachings,9-6
འདུལ་བ,འདུལ་བ,Vinaya,9-6
མདོ་སྡེ,མདོ་སྡེ,Sūtra,9-6
མངོན་པ་དང,མངོན་པ་དང,and_Abhidharma,9-6
གསང་སྔགས་རྒྱུད་སྡེ་ཆེན་པོ,གསང་སྔགས་རྒྱུད་སྡེ་ཆེན་པོ,great_classes_of_Secret_Mantra_Tantras,9-6
རྣམ་པ་བཞི,རྣམ་པ་བཞི,the_four,9-6
གངས་ལྗོངས,གངས་ལྗོངས,Land_of_Snows,9-6
བཤད་བརྒྱུད་ཀ་ཆེན་བཅུ་པོ་དང,བཤད་བརྒྱུད་ཀ་ཆེན་བཅུ་པོ་དང,ten_great_pillars_of_scriptural_lineages_and,9-6
སྒྲུབ་བརྒྱུད,སྒྲུབ་བརྒྱུད,practice_lineages,9-6
ཤིང་རྟ་ཆེ་བརྒྱད་ལ་སོགས་པ,ཤིང་རྟ་ཆེ་བརྒྱད་ལ་སོགས་པ,eight_great_chariots_and_so_forth,9-6
ཐུབ་བསྟན,ཐུབ་བསྟན,Buddha's_teachings,9-6
མདོ་དང་སྔགས་ཀྱི,མདོ་དང་སྔགས་ཀྱི,of_Sūtra_and_Mantra,9-6
ཚུལ་མཐའ་དག,ཚུལ་མཐའ་དག,all_systems,9-6
ཤིན་ཏུ་ཉམས་པར་གྱུར་པ་འདི་ལ,ཤིན་ཏུ་ཉམས་པར་གྱུར་པ་འདི་ལ,fallen_into_extreme_decline,9-6
གཟིགས,གཟིགས,behold,9-6
ངེས་འབྱུང,ངེས་འབྱུང,renunciation,9-7
ཚུལ་ཁྲིམས,ཚུལ་ཁྲིམས,discipline,9-7
ངུར་སྨྲིག་རྒྱལ་མཚན་ཐོགས,ངུར་སྨྲིག་རྒྱལ་མཚན་ཐོགས,bear_victory_banner_of_saffron_robes,9-7
གཞན་ཕན་ཟོལ་མེད,གཞན་ཕན་ཟོལ་མེད,genuine_unfeigned_altruism,9-7
བྱང་ཆུབ་སེམས་དཔའ་དང,བྱང་ཆུབ་སེམས་དཔའ་དང,bodhisattvas,9-7
དམ་ཚིག་ལྡན་ཞིང,དམ་ཚིག་ལྡན་ཞིང,maintaining_samaya,9-7
བསྐྱེད་རྫོགས,བསྐྱེད་རྫོགས,generation_and_completion_stages,9-7
རིག་སྔགས་འཆང,རིག་སྔགས་འཆང,mantra-holders,9-7
མཚན་ཉིད་ལྡན་པ,མཚན་ཉིད་ལྡན་པ,qualified_ones,9-7
རི་མོའི་མར་མེ་ལྟར,རི་མོའི་མར་མེ་ལྟར,like_a_painted_lamp,9-7
གྱུར་པ་འདི་ལ,གྱུར་པ་འདི་ལ,who_have_become_this,9-7
ཡེ་ཤེས་སྤྱན་ལྡན་རྣམས,ཡེ་ཤེས་སྤྱན་ལྡན་རྣམས,possessors_of_wisdom-eye,9-7
ངེས་པར་དགོངས་ལ,ངེས་པར་དགོངས་ལ,look_upon_with_certainty,9-7
ཐུགས་རྗེས,ཐུགས་རྗེས,with_compassion,9-7
བསྐྱབ་ཏུ་གསོལ,བསྐྱབ་ཏུ་གསོལ,please_protect,9-7
དུས་ངན,དུས་ངན,degenerate_age,9-8
སྙིགས་མ་ལྔ་བདོའི,སྙིགས་མ་ལྔ་བདོའི,when_five_drosses_rampant,9-8
སེམས་ཅན་རྣམས,སེམས་ཅན་རྣམས,sentient_beings,9-8
ཉོན་མོངས་སྟོབས་དྲག,ཉོན་མོངས་སྟོབས་དྲག,powerful_force_of_afflictions,9-8
འདོད་སྲེད་འཆིང་བས,འདོད་སྲེད་འཆིང་བས,by_shackles_of_craving,9-8
བཅིངས,བཅིངས,bound,9-8
བསྟན་ལ་ཞུགས་རྣམས,བསྟན་ལ་ཞུགས་རྣམས,those_who_entered_teachings,9-8
ཕྲག་དོག་རླུང་དམར་གྱིས,ཕྲག་དོག་རླུང་དམར་གྱིས,by_red_wind_of_jealousy,9-8
བསྟན་པ་ནང་དཀྲུགས,བསྟན་པ་ནང་དཀྲུགས,teachings_agitated_within,9-8
ལྟ་བའི་སྙིགས་མ་རྒྱས,ལྟ་བའི་སྙིགས་མ་རྒྱས,dregs_of_degenerate_views_flourish,9-8
རྩོད་པ་ཅན་དུ་གྱུར་པས,རྩོད་པ་ཅན་དུ་གྱུར་པས,having_become_age_of_contention,9-9
བསྟན་སེལ་གྱི,བསྟན་སེལ་གྱི,of_those_who_undermine_teachings,9-9
གྲིབ་ཀྱིས,གྲིབ་ཀྱིས,through_pollution,9-9
ཆོས་སྐྱོང་དཀར་ཕྱོགས་སྲུང་མ,ཆོས་སྐྱོང་དཀར་ཕྱོགས་སྲུང་མ,Dharma_protectors_of_virtuous_side,9-9
གཡེལ,གཡེལ,become_indifferent,9-9
རྒྱལ་ཁམས་ཀུན་ཏུ,རྒྱལ་ཁམས་ཀུན་ཏུ,throughout_every_land,9-9
ལྷ་མིན,ལྷ་མིན,asuras,9-9
ཀླ་ཀློས་ཁེངས,ཀླ་ཀློས་ཁེངས,barbarians_abound,9-9
འདི་དང་འདི་འདྲར་གྱུར་པས,འདི་དང་འདི་འདྲར་གྱུར་པས,through_these_and_similar_circumstances,9-9
བསྟན་པ་བསྣུབས,བསྟན་པ་བསྣུབས,teachings_destroyed,9-9
ཀྱེ་མ་ཀྱི་ཧུད,ཀྱེ་མ་ཀྱི་ཧུད,alas,9-10
མགོན་པོ་ཐུགས་རྗེ་ཅན,མགོན་པོ་ཐུགས་རྗེ་ཅན,O_compassionate_Protector,9-10
ཁྱོད་རྣམས་ཐུགས་དམ,ཁྱོད་རྣམས་ཐུགས་དམ,your_sacred_vows,9-10
མཐུ་རྩལ་སྟོབས་བསྐྱེད་ལ,མཐུ་རྩལ་སྟོབས་བསྐྱེད་ལ,exert_power_and_might,9-10
དུས་ངན་སྐྱོ་བས,དུས་ངན་སྐྱོ་བས,by_sorrows_of_degenerate_times,9-10
ཞུམ་པ་ཅི་ལ་མངའ,ཞུམ་པ་ཅི་ལ་མངའ,why_would_you_be_discouraged,9-10
སྟོབས་བཅུའི་དབང་ཕྱུག,སྟོབས་བཅུའི་དབང་ཕྱུག,lords_of_ten_strengths,9-11
དབང་བཅུ་མངའ་བས་ན,དབང་བཅུ་མངའ་བས་ན,possessing_ten_masteries,9-11
བསྟན་པ་ཉམས་པའི་འདི་དག,བསྟན་པ་ཉམས་པའི་འདི་དག,these_declining_teachings,9-11
སོར་ཆུད་ཅིང,སོར་ཆུད་ཅིང,restore_to_original_state,9-11
མཁས་བཙུན་གྲུབ་ཐོབ,མཁས་བཙུན་གྲུབ་ཐོབ,learned_disciplined_accomplished,9-11
ཚད་མར་གྱུར་པ་ནི,ཚད་མར་གྱུར་པ་ནི,who_are_authoritative,9-11
མང་པོར་སྤྲུལ་ནས,མང་པོར་སྤྲུལ་ནས,manifest_in_many_forms,9-11
བསྟན་པ་གསོ་བར་མཛོད,བསྟན་པ་གསོ་བར་མཛོད,restore_the_teachings,9-11
འཕགས་བོད་གཉིས་སུ,འཕགས་བོད་གཉིས་སུ,in_both_India_and_Tibet,9-12
རྫོགས་ལྡན་ཕྱི་མ་ཡི,རྫོགས་ལྡན་ཕྱི་མ་ཡི,of_the_later_golden_age,9-12
དགའ་སྟོན,དགའ་སྟོན,festival,9-12
རིན་ཆེན་སྒྲོན་མེ,རིན་ཆེན་སྒྲོན་མེ,precious_lamp,9-12
སྦར་བ་དང,སྦར་བ་དང,be_lit,9-12
རྒྱལ་བསྟན་རིས་མེད,རྒྱལ་བསྟན་རིས་མེད,Buddha's_non-sectarian_teachings,9-12
པད་ཚལ་དར་ལ་བབ,པད་ཚལ་དར་ལ་བབ,lotus_grove_reach_full_bloom,9-12
དེ་ལ་འཁུ་བའི་ཚོགས་ཀྱི,དེ་ལ་འཁུ་བའི་ཚོགས་ཀྱི,of_the_hostile_throngs,9-13
སེམས་བསྒྱུར་ཞིང,སེམས་བསྒྱུར་ཞིང,may_minds_be_transformed,9-13
ཀུན་ཀྱང་བསྟན་ལ་འདུན་དང,ཀུན་ཀྱང་བསྟན་ལ་འདུན་དང,all_aspire_to_teachings,9-13
དགེ་བཅུར་སྤྱོད,དགེ་བཅུར་སྤྱོད,engage_in_ten_virtues,9-13
བསྟན་འཛིན་དགེ་འདུན་སྡེ་ཡིས,བསྟན་འཛིན་དགེ་འདུན་སྡེ་ཡིས,Sangha_who_uphold_teachings,9-13
འཛམ་གླིང་ཁྱབ,འཛམ་གླིང་ཁྱབ,pervade_entire_world,9-13
བཤད་དང་སྒྲུབ་པ,བཤད་དང་སྒྲུབ་པ,study_and_practice,9-13
དར་ཞིང་རྒྱས་པར་ཤོག,དར་ཞིང་རྒྱས་པར་ཤོག,may_flourish_and_spread,9-13
གཙུག་ལག་ཁང་རྣམས,གཙུག་ལག་ཁང་རྣམས,temples,9-14
མཆོད་པའི་སྤྲིན་ཚོགས་རྒྱས,མཆོད་པའི་སྤྲིན་ཚོགས་རྒྱས,filled_with_vast_clouds_of_offerings,9-14
དམ་པའི་ཆོས་ཀྱི་རྔ་ཆེན,དམ་པའི་ཆོས་ཀྱི་རྔ་ཆེན,great_drum_of_sacred_Dharma,9-14
རབ་ཏུ་སྒྲོགས,རབ་ཏུ་སྒྲོགས,resound_loudly,9-14
མུ་སྟེགས་གླང་པོའི་ཀླད་པ,མུ་སྟེགས་གླང་པོའི་ཀླད་པ,skulls_of_heretical_elephants,9-14
འགེམས་བྱེད་ཅིང,འགེམས་བྱེད་ཅིང,shattering,9-14
ཐུབ་བསྟན,ཐུབ་བསྟན,Buddha's_teachings,9-14
ཕྱོགས་ལས་རྣམ་པར་རྒྱལ་གྱུར་ཅིག,ཕྱོགས་ལས་རྣམ་པར་རྒྱལ་གྱུར་ཅིག,be_victorious_in_all_directions,9-14
བསྟན་འཛིན་སྐྱེས་རྣམས,བསྟན་འཛིན་སྐྱེས་རྣམས,masters_who_uphold_teachings,9-15
ཞབས་པད་བརྟན་པ་དང,ཞབས་པད་བརྟན་པ་དང,lotus_feet_be_firm,9-15
བསྟན་པའི་སྦྱིན་བདག,བསྟན་པའི་སྦྱིན་བདག,patrons_of_teachings,9-15
ཚེ་དང་བསོད་ནམས་འཕེལ,ཚེ་དང་བསོད་ནམས་འཕེལ,lifespan_and_merit_increase,9-15
བསྟན་ལ་གནོད་རྣམས,བསྟན་ལ་གནོད་རྣམས,those_who_harm_teachings,9-15
མིང་གི་ལྷག་མར་གྱུར,མིང་གི་ལྷག་མར་གྱུར,be_reduced_to_names_only,9-15
བསྟན་པའི་རྒྱལ་མཚན,བསྟན་པའི་རྒྱལ་མཚན,victory_banner_of_teachings,9-15
ཕྱོགས་བཅུར་སྒྲེངས་གྱུར་ཅིག,ཕྱོགས་བཅུར་སྒྲེངས་གྱུར་ཅིག,be_raised_in_ten_directions,9-15
ལྷ་དང,ལྷ་དང,gods_and,10-1
ལྷ་མིན,ལྷ་མིན,demigods,10-1
ཅོད་པན་གྱིས,ཅོད་པན་གྱིས,with_crowns,10-1
ཞབས་གཉིས་པདྨོ་ལ,ཞབས་གཉིས་པདྨོ་ལ,before_your_two_lotus_feet,10-1
བཏུད་དེ,བཏུད་དེ,bowing_down,10-1
ཕོངས་པ་ཀུན་ལས,ཕོངས་པ་ཀུན་ལས,from_all_misfortune,10-1
སྒྲོལ་མཛད་མ,སྒྲོལ་མཛད་མ,she_who_liberates,10-1
སྒྲོལ་མ་ཡུམ་ལ,སྒྲོལ་མ་ཡུམ་ལ,to_Mother_Tārā,10-1
མཆོད་པ་འབུལ,མཆོད་པ་འབུལ,I_offer_this_homage,10-1
ཞལ་ཟས,ཞལ་ཟས,food,10-3
རོ་བརྒྱ་ལྡན་ཞིང,རོ་བརྒྱ་ལྡན་ཞིང,endowed_with_hundred_flavors,10-3
ཡིད་འཕྲོག་པ,ཡིད་འཕྲོག་པ,captivating,10-3
ལེགས་སྦྱར་འདི་ནི,ལེགས་སྦྱར་འདི་ནི,this_perfectly_prepared_offering,10-3
རྒྱལ་བ་སྲས་བཅས་ལ,རྒྱལ་བ་སྲས་བཅས་ལ,to_Victors_and_Heirs,10-3
དད་པས་ཕུལ་བས,དད་པས་ཕུལ་བས,offered_with_faith,10-3
འགྲོ་བ་འདི་དག་ཀུན,འགྲོ་བ་འདི་དག་ཀུན,all_these_wandering_beings,10-3
འབྱོར་ལྡན,འབྱོར་ལྡན,possessing_wealth,10-3
ཏིང་འཛིན་ཟས་ལ,ཏིང་འཛིན་ཟས་ལ,food_of_meditative_concentration,10-3
སྤྱོད་པར་ཤོག,སྤྱོད་པར་ཤོག,may_enjoy,10-3
